訂單編號,會員編號,貨運公司編號,訂單日期,付款日期,送貨地址,Status
QEV-37451-860,17670-51384-MA,D004,2022-12-29 02:01:17.347725,2022-12-31 02:01:17.347725,新北市板橋區文化路一段24巷20號,Shipped
FAA-43335-268,21125-22134-PX,D001,2024-10-10 02:01:17.347725,2024-10-12 02:01:17.347725,彰化縣彰化市公園路一段287號,Shipped
KAC-83089-793,23806-46781-OU,D005,2024-11-07 02:01:17.347725,2024-11-09 02:01:17.347725,彰化縣鹿港鎮鹿工南一路32巷25號,Shipped
CVP-18956-553,86561-91660-RB,D002,2024-11-27 02:01:17.347725,2024-11-29 02:01:17.347725,新北市瑞芳區一坑路71號,Shipped
IPP-31994-879,65223-29612-CB,D005,2025-05-16 02:01:17.347725,2025-05-18 02:01:17.347725,高雄市前鎮區草衙二路172巷3號7樓,Shipped
SNZ-65340-705,21134-81676-FR,D003,2025-09-12 02:01:17.347725,2025-09-15 02:01:17.347725,新北市永和區水源街154號,Shipped
EZT-46571-659,03396-68805-ZC,D002,2022-04-27 02:01:17.347725,2022-04-29 02:01:17.347725,台中市大肚區遊園路二段94巷10號,Shipped
NWQ-70061-912,61021-27840-ZN,D004,2022-12-29 02:01:17.347725,2022-12-30 02:01:17.347725,新北市樹林區大成路5號,Shipped
BKK-47233-845,76239-90137-UQ,D001,2024-07-01 02:01:17.347725,2024-07-04 02:01:17.347725,彰化縣員林市員水路二段289號,Shipped
VQR-01002-970,49315-21985-BB,D004,2024-02-21 02:01:17.347725,2024-02-22 02:01:17.347725,屏東縣內埔鄉壽比路29巷29號,Shipped
SZW-48378-399,34136-36674-OM,D003,2025-10-25 02:01:17.347725,2025-10-27 02:01:17.347725,新北市新店區北宜路一段158號,Shipped
ITA-87418-783,39396-12890-PE,D003,2023-09-15 02:01:17.347725,2023-09-18 02:01:17.347725,新北市板橋區龍泉街138號,Shipped
GNZ-46006-527,95875-73336-RG,D001,2025-07-29 02:01:17.347725,2025-07-30 02:01:17.347725,南投縣草屯鎮芬草路160巷10號,Shipped
FYQ-78248-319,25473-43727-BY,D004,2025-09-30 02:01:17.347725,2025-10-02 02:01:17.347725,台北市中山區合江街231號,Shipped
VAU-44387-624,99643-51048-IQ,D005,2022-07-13 02:01:17.347725,2022-07-14 02:01:17.347725,台中市清水區高美路220號,Shipped
RDW-33155-159,62173-15287-CU,D003,2023-02-11 02:01:17.347725,2023-02-12 02:01:17.347725,新北市新店區德正街116巷8號,Shipped
TDZ-59011-211,57611-05522-ST,D002,2022-10-06 02:01:17.347725,2022-10-09 02:01:17.347725,台北市北投區振華街89巷22號,Shipped
IDU-25793-399,76664-37050-DT,D002,2024-03-29 02:01:17.347725,2024-04-01 02:01:17.347725,屏東縣萬巒鄉萬德路191號,Shipped
NUO-20013-488,03090-88267-BQ,D003,2024-03-29 02:01:17.347725,2024-03-30 02:01:17.347725,桃園市八德區廣興路106巷22號,Shipped
UQU-65630-479,37651-47492-NC,D003,2024-05-17 02:01:17.347725,2024-05-20 02:01:17.347725,台北市南港區舊莊街一段175巷17號5樓,Shipped
FEO-11834-332,95399-57205-HI,D003,2025-06-06 02:01:17.347725,2025-06-07 02:01:17.347725,新北市淡水區淡金路5段240號,Shipped
TKY-71558-096,24010-66714-HW,D004,2025-01-08 02:01:17.347725,2025-01-11 02:01:17.347725,台中市太平區樹孝路133巷29號3樓,Shipped
OXY-65322-253,07591-92789-UA,D002,2024-02-17 02:01:17.347725,2024-02-20 02:01:17.347725,高雄市鳳山區經武路104號,Shipped
EVP-43500-491,49231-44455-IC,D002,2022-06-15 02:01:17.347725,2022-06-18 02:01:17.347725,新北市五股區成泰路一段87巷14號,Shipped
WAG-26945-689,50124-88608-EO,D001,2023-01-31 02:01:17.347725,2023-02-01 02:01:17.347725,桃園市龍潭區百年路192號,Shipped
CHE-78995-767,00888-74814-UZ,D003,2025-11-25 02:01:17.347725,2025-11-28 02:01:17.347725,高雄市楠梓區海專路155巷19號,Shipped
RYZ-14633-602,14158-30713-OB,D005,2022-06-15 02:01:17.347725,2022-06-17 02:01:17.347725,桃園市楊梅區獅二路46巷13號,Shipped
WOQ-36015-429,51427-89175-QJ,D001,2025-01-18 02:01:17.347725,2025-01-21 02:01:17.347725,苗栗縣竹南鎮永貞路二段97巷28號,Shipped
SCT-60553-454,39123-12846-YJ,D005,2024-11-09 02:01:17.347725,2024-11-10 02:01:17.347725,台北市萬華區和平西路三段32號,Shipped
GFK-52063-244,44981-99666-XB,D005,2023-10-23 02:01:17.347725,2023-10-24 02:01:17.347725,台中市龍井區龍山街168巷1號6樓,Shipped
AMM-79521-378,24825-51803-CQ,D003,2024-09-24 02:01:17.347725,2024-09-26 02:01:17.347725,桃園市桃園區大豐路23巷17號,Shipped
QUQ-90580-772,77634-13918-GJ,D005,2024-06-01 02:01:17.347725,2024-06-02 02:01:17.347725,新北市土城區延吉街70號,Shipped
LGD-24408-274,13694-25001-LX,D005,2022-08-18 02:01:17.347725,2022-08-19 02:01:17.347725,苗栗縣後龍鎮中心路149號,Shipped
HCT-95608-959,08523-01791-TI,D001,2023-08-19 02:01:17.347725,2023-08-20 02:01:17.347725,桃園市楊梅區獅一路133號,Shipped
OFX-99147-470,49860-68865-AB,D004,2025-03-19 02:01:17.347725,2025-03-22 02:01:17.347725,桃園市蘆竹區開南路297號,Shipped
LUO-37559-016,21240-83132-SP,D002,2024-08-12 02:01:17.347725,2024-08-15 02:01:17.347725,台北市士林區重慶北路四段190號,Shipped
XWC-20610-167,08350-81623-TF,D001,2025-10-30 02:01:17.347725,2025-10-31 02:01:17.347725,台中市豐原區南陽路233號,Shipped
GPU-79113-136,73284-01385-SJ,D003,2022-09-14 02:01:17.347725,2022-09-16 02:01:17.347725,台北市信義區虎林街165號,Shipped
ULR-52653-960,04152-34436-IE,D005,2025-01-27 02:01:17.347725,2025-01-30 02:01:17.347725,桃園市大園區中正東路三段63巷5號,Shipped
HPI-42308-142,06631-86965-XP,D003,2023-08-05 02:01:17.347725,2023-08-06 02:01:17.347725,宜蘭縣宜蘭市延平路192巷2號,Shipped
XHI-30227-581,54619-08558-ZU,D004,2025-05-26 02:01:17.347725,2025-05-28 02:01:17.347725,桃園市楊梅區民族路五段112號,Shipped
DJH-05202-380,85589-17020-CX,D005,2023-03-02 02:01:17.347725,2023-03-05 02:01:17.347725,高雄市鳳山區自強二路131號,Shipped
VMW-26889-781,36078-91009-WU,D004,2022-10-21 02:01:17.347725,2022-10-22 02:01:17.347725,台北市中正區汀州路二段267號,Shipped
DBU-81099-586,15770-27099-GX,D004,2024-01-05 02:01:17.347725,2024-01-07 02:01:17.347725,桃園市中壢區領航南路二段137巷19號,Shipped
PQA-54820-810,91460-04823-BX,D004,2025-12-10 02:01:17.347725,2025-12-12 02:01:17.347725,台中市西區公正路56巷28號4樓,Shipped
XKB-41924-202,45089-52817-WN,D005,2025-12-12 02:01:17.347725,2025-12-14 02:01:17.347725,桃園市中壢區領航南路二段137巷19號,Shipped
DWZ-69106-473,76447-50326-IC,D002,2022-09-07 02:01:17.347725,2022-09-09 02:01:17.347725,台中市太平區新平路三段275號,Shipped
YHV-68700-050,26333-67911-OL,D002,2023-01-04 02:01:17.347725,2023-01-05 02:01:17.347725,台南市南區金華路二段240號,Shipped
KRB-88066-642,22107-86640-SB,D005,2024-07-09 02:01:17.347725,2024-07-10 02:01:17.347725,台北市萬華區興義街136巷13號,Shipped
LQU-08404-173,09960-34242-LZ,D004,2024-03-28 02:01:17.347725,2024-03-29 02:01:17.347725,台中市梧棲區自強一街92巷15號1樓,Shipped
CWK-60159-881,04671-85591-RT,D001,2023-05-22 02:01:17.347725,2023-05-23 02:01:17.347725,台北市中正區信義路一段13號,Shipped
EEG-74197-843,25729-68859-UA,D002,2025-11-09 02:01:17.347725,2025-11-11 02:01:17.347725,屏東縣萬巒鄉萬德路191號,Shipped
UCZ-59708-525,05501-86351-NX,D004,2025-06-27 02:01:17.347725,2025-06-28 02:01:17.347725,桃園市新屋區新榮路147號,Shipped
HUB-47311-849,04521-04300-OK,D003,2025-04-01 02:01:17.347725,2025-04-04 02:01:17.347725,台中市北屯區梅川東路四段54號,Shipped
WYM-17686-694,58689-55264-VK,D005,2024-06-20 02:01:17.347725,2024-06-23 02:01:17.347725,高雄市橋頭區仕隆路97號,Shipped
ZYQ-15797-695,79436-73011-MM,D001,2022-06-20 02:01:17.347725,2022-06-21 02:01:17.347725,新北市永和區水源街154號,Shipped
EEJ-16185-108,65552-60476-KY,D002,2022-06-04 02:01:17.347725,2022-06-07 02:01:17.347725,新北市永和區民有街141巷19號,Shipped
RWR-77888-800,69904-02729-YS,D004,2023-06-02 02:01:17.347725,2023-06-05 02:01:17.347725,新北市三峽區大勇路238號,Shipped
LHN-75209-742,01433-04270-AX,D002,2023-07-17 02:01:17.347725,2023-07-19 02:01:17.347725,台中市北屯區崇德六路113號,Shipped
TIR-71396-998,14204-14186-LA,D002,2025-06-29 02:01:17.347725,2025-07-01 02:01:17.347725,新北市板橋區樂群路272號,Shipped
RXF-37618-213,32948-34398-HC,D003,2025-08-08 02:01:17.347725,2025-08-10 02:01:17.347725,桃園市桃園區正康三街20號,Shipped
ANM-16388-634,77343-52608-FF,D004,2025-03-14 02:01:17.347725,2025-03-16 02:01:17.347725,台東縣台東市開封街19號,Shipped
WYL-29300-070,42770-36274-QA,D004,2023-02-08 02:01:17.347725,2023-02-09 02:01:17.347725,桃園市楊梅區青山六街164巷1號4樓,Shipped
JHW-74554-805,14103-58987-ZU,D005,2023-03-21 02:01:17.347725,2023-03-22 02:01:17.347725,台中市西屯區中工三路157號,Shipped
KYS-27063-603,69958-32065-SW,D002,2022-10-23 02:01:17.347725,2022-10-26 02:01:17.347725,新北市三峽區大同路2巷24號5樓,Shipped
GAZ-58626-277,69533-84907-FA,D003,2024-04-29 02:01:17.347725,2024-05-02 02:01:17.347725,台北市南港區忠孝東路六段249號,Shipped
RPJ-37787-335,76005-95461-CI,D003,2024-02-20 02:01:17.347725,2024-02-23 02:01:17.347725,新北市泰山區新民路173號,Shipped
LEF-83057-763,15395-90855-VB,D003,2024-10-08 02:01:17.347725,2024-10-11 02:01:17.347725,台中市神岡區大洲路141巷21號,Shipped
RPW-36123-215,80640-45811-LB,D004,2024-11-11 02:01:17.347725,2024-11-12 02:01:17.347725,高雄市鼓山區鼓元街216號,Shipped
WLL-59044-117,28476-04082-GR,D003,2024-11-15 02:01:17.347725,2024-11-18 02:01:17.347725,雲林縣斗六市北平路12巷15號,Shipped
AWT-22827-563,12018-75670-EU,D005,2023-05-20 02:01:17.347725,2023-05-23 02:01:17.347725,高雄市三民區大昌一路140號,Shipped
QLM-07145-668,86437-17399-FK,D002,2022-09-01 02:01:17.347725,2022-09-02 02:01:17.347725,桃園市楊梅區獅二路46巷13號,Shipped
HVQ-64398-930,62979-53167-ML,D002,2023-07-24 02:01:17.347725,2023-07-25 02:01:17.347725,高雄市岡山區下竹圍東街205號,Shipped
WRT-40778-247,54810-81899-HL,D003,2025-07-06 02:01:17.347725,2025-07-08 02:01:17.347725,桃園市桃園區大業路一段196號,Shipped
SUB-13006-125,26103-41504-IB,D002,2022-08-10 02:01:17.347725,2022-08-12 02:01:17.347725,台北市文山區和平東路四段8巷14號,Shipped
CQM-49696-263,76534-45229-SG,D002,2023-02-17 02:01:17.347725,2023-02-18 02:01:17.347725,高雄市前鎮區翠亨北路195號,Shipped
KXN-85094-246,81744-27332-RR,D005,2023-01-06 02:01:17.347725,2023-01-07 02:01:17.347725,屏東縣恆春鎮省北路160號,Shipped
XOQ-12405-419,91513-75657-PH,D005,2023-08-06 02:01:17.347725,2023-08-07 02:01:17.347725,苗栗縣頭份市忠孝二路159巷11號,Shipped
HYF-10254-369,30373-66619-CB,D003,2023-03-09 02:01:17.347725,2023-03-11 02:01:17.347725,新竹市香山區中華路五段138號,Shipped
XXJ-47000-307,31582-23562-FM,D001,2022-11-10 02:01:17.347725,2022-11-12 02:01:17.347725,高雄市大社區金龍路8號,Shipped
ZDK-82166-357,81431-12577-VD,D003,2024-07-27 02:01:17.347725,2024-07-28 02:01:17.347725,新北市五股區中興路一段57號,Shipped
IHN-19982-362,68894-91205-MP,D005,2024-07-22 02:01:17.347725,2024-07-23 02:01:17.347725,新北市新店區德正街116巷8號,Shipped
VMT-10030-889,87602-55754-VN,D003,2025-04-09 02:01:17.347725,2025-04-10 02:01:17.347725,新北市板橋區樂群路272號,Shipped
NHL-11063-100,39181-35745-WH,D002,2023-09-13 02:01:17.347725,2023-09-16 02:01:17.347725,新北市中和區興南路二段151巷16號,Shipped
ROV-87448-086,30381-64762-NG,D005,2024-02-26 02:01:17.347725,2024-02-29 02:01:17.347725,台中市南區美村南路24號,Shipped
DGY-35773-612,17503-27693-ZH,D002,2023-11-18 02:01:17.347725,2023-11-21 02:01:17.347725,新北市新莊區豐年街193號,Shipped
YWH-50638-556,89442-35633-HJ,D003,2022-07-07 02:01:17.347725,2022-07-10 02:01:17.347725,台北市信義區大道路63號,Shipped
ISL-11200-600,13654-85265-IL,D001,2023-10-26 02:01:17.347725,2023-10-29 02:01:17.347725,屏東縣萬巒鄉佳興路73巷19號,Shipped
LBZ-75997-047,40946-22090-FP,D004,2023-04-11 02:01:17.347725,2023-04-13 02:01:17.347725,台北市信義區光復南路160號,Shipped
EUH-08089-954,29050-93691-TS,D003,2024-03-31 02:01:17.347725,2024-04-03 02:01:17.347725,新北市板橋區金門街101巷15號,Shipped
BLD-12227-251,64395-74865-WF,D001,2024-06-27 02:01:17.347725,2024-06-30 02:01:17.347725,高雄市鳳山區鳳北路117號,Shipped
OPY-30711-853,81861-66046-SU,D003,2024-11-09 02:01:17.347725,2024-11-11 02:01:17.347725,台中市北區榮華街182巷12號4樓,Shipped
DBC-44122-300,13366-78506-KP,D002,2024-02-28 02:01:17.347725,2024-03-02 02:01:17.347725,嘉義縣民雄鄉建國路二段14巷2號,Shipped
FJQ-60035-234,08847-29858-HN,D004,2024-07-29 02:01:17.347725,2024-08-01 02:01:17.347725,台中市潭子區北環路152號,Shipped
HSF-66926-425,00539-42510-RY,D005,2023-06-25 02:01:17.347725,2023-06-26 02:01:17.347725,高雄市鳥松區本館路32巷13號6樓,Shipped
LQG-41416-375,45190-08727-NV,D005,2025-02-11 02:01:17.347725,2025-02-13 02:01:17.347725,南投縣竹山鎮祖師街68號,Shipped
VZO-97265-841,87049-37901-FU,D001,2025-10-31 02:01:17.347725,2025-11-02 02:01:17.347725,桃園市中壢區領航南路二段137巷19號,Shipped
MOR-12987-399,34015-31593-JC,D002,2022-12-10 02:01:17.347725,2022-12-12 02:01:17.347725,台中市大里區益民路一段273號,Shipped
UOA-23786-489,90305-50099-SV,D003,2023-09-24 02:01:17.347725,2023-09-27 02:01:17.347725,台北市信義區光復南路66號,Shipped
AJL-52941-018,55871-61935-MF,D001,2023-08-29 02:01:17.347725,2023-09-01 02:01:17.347725,新北市板橋區民族路149巷28號,Shipped
XSZ-84273-421,15405-60469-TM,D002,2022-08-07 02:01:17.347725,2022-08-10 02:01:17.347725,台中市豐原區豐原大道四段251號,Shipped
NUN-48214-216,06953-94794-FB,D005,2023-11-22 02:01:17.347725,2023-11-25 02:01:17.347725,新北市新店區碧潭路55號,Shipped
AKV-93064-769,22305-40299-CY,D004,2023-04-06 02:01:17.347725,2023-04-09 02:01:17.347725,高雄市鳳山區文龍東路58號,Shipped
BRB-40903-533,09020-56774-GU,D003,2025-10-08 02:01:17.347725,2025-10-09 02:01:17.347725,基隆市中山區文化路169巷19號,Shipped
GPR-19973-483,92926-08470-YS,D001,2022-10-19 02:01:17.347725,2022-10-22 02:01:17.347725,宜蘭縣南澳鄉蘇花路三段90巷3號,Shipped
XIY-43041-882,07250-63194-JO,D003,2025-02-04 02:01:17.347725,2025-02-07 02:01:17.347725,台北市內湖區內湖路三段103號,Shipped
YGY-98425-969,63787-96257-TQ,D005,2022-07-25 02:01:17.347725,2022-07-26 02:01:17.347725,新北市淡水區中山北路二段92巷19號,Shipped
MSB-08397-648,49530-25460-RW,D005,2024-07-03 02:01:17.347725,2024-07-06 02:01:17.347725,新北市中和區圓通路66號,Shipped
WDR-06028-345,66508-21373-OQ,D002,2022-12-09 02:01:17.347725,2022-12-10 02:01:17.347725,新北市三重區文化南路113號,Shipped
MXM-42948-061,20203-03950-FY,D004,2023-12-05 02:01:17.347725,2023-12-06 02:01:17.347725,高雄市新興區五福二路49巷6號1樓,Shipped
MGQ-98961-173,83895-90735-XH,D004,2025-07-29 02:01:17.347725,2025-08-01 02:01:17.347725,基隆市信義區義七路216號,Shipped
RFH-64349-897,61954-61462-RJ,D002,2023-02-14 02:01:17.347725,2023-02-16 02:01:17.347725,新竹市香山區中華路六段83巷18號,Shipped
TKL-20738-660,47939-53158-LS,D002,2025-01-25 02:01:17.347725,2025-01-26 02:01:17.347725,嘉義縣民雄鄉建國路二段93號,Shipped
GOW-03198-575,61513-27752-FA,D004,2024-07-06 02:01:17.347725,2024-07-09 02:01:17.347725,台中市西屯區福安路152號,Shipped
QJB-90477-635,89714-19856-WX,D003,2025-10-05 02:01:17.347725,2025-10-07 02:01:17.347725,南投縣南投市學藝路38巷24號1樓,Shipped
MWP-46239-785,87979-56781-YV,D003,2022-08-20 02:01:17.347725,2022-08-23 02:01:17.347725,高雄市鼓山區美明路171巷12號3樓,Shipped
QDV-03406-248,74126-88836-KA,D005,2022-09-15 02:01:17.347725,2022-09-17 02:01:17.347725,台北市大安區新生南路一段68號,Shipped
GPH-40635-105,37397-05992-VO,D004,2023-11-07 02:01:17.347725,2023-11-08 02:01:17.347725,台中市西區向上南路109巷19號7樓,Shipped
JOM-80930-071,54904-18397-UD,D001,2025-03-05 02:01:17.347725,2025-03-06 02:01:17.347725,新北市瑞芳區明燈路三段95號,Shipped
OIL-26493-755,19017-95853-EK,D005,2024-12-24 02:01:17.347725,2024-12-25 02:01:17.347725,新北市新店區新店路196巷21號,Shipped
CYV-13426-645,88593-59934-VU,D002,2022-10-29 02:01:17.347725,2022-10-31 02:01:17.347725,高雄市仁武區八德西路270號,Shipped
WRP-39846-614,47493-68564-YM,D003,2025-06-27 02:01:17.347725,2025-06-30 02:01:17.347725,台南市中西區武聖路180號,Shipped
VDZ-76673-968,82246-82543-DW,D001,2024-04-25 02:01:17.347725,2024-04-27 02:01:17.347725,台中市后里區甲后路160號,Shipped
VTV-03546-175,03384-62101-IY,D003,2023-11-24 02:01:17.347725,2023-11-27 02:01:17.347725,台中市大肚區大明三街123號,Shipped
GHR-72274-715,86881-41559-OR,D004,2024-09-16 02:01:17.347725,2024-09-17 02:01:17.347725,高雄市楠梓區開發路157巷6號,Shipped
ZGK-97262-313,02536-18494-AQ,D003,2025-11-08 02:01:17.347725,2025-11-10 02:01:17.347725,苗栗縣後龍鎮中心路149號,Shipped
ZFS-30776-804,58638-01029-CB,D005,2024-05-31 02:01:17.347725,2024-06-03 02:01:17.347725,台北市士林區中山北路六段37號,Shipped
QUU-91729-492,90312-11148-LA,D005,2024-11-21 02:01:17.347725,2024-11-22 02:01:17.347725,台北市內湖區港華街44巷22號,Shipped
PVI-72795-960,68239-74809-TF,D005,2025-07-10 02:01:17.347725,2025-07-11 02:01:17.347725,新北市淡水區淡金路5段240號,Shipped
PPP-78935-365,91074-60023-IP,D004,2024-06-06 02:01:17.347725,2024-06-07 02:01:17.347725,新北市樹林區育英街154號,Shipped
JUO-34131-517,07972-83748-JI,D001,2022-06-08 02:01:17.347725,2022-06-11 02:01:17.347725,台中市南屯區惠文路99巷18號,Shipped
ZJE-89333-489,08694-57330-XR,D003,2025-09-05 02:01:17.347725,2025-09-08 02:01:17.347725,新北市土城區明德路一段207號,Shipped
LOO-35324-159,68412-11126-YJ,D001,2023-09-12 02:01:17.347725,2023-09-15 02:01:17.347725,台南市安南區安中路四段86巷4號,Shipped
JBQ-93412-846,69037-66822-DW,D003,2025-08-20 02:01:17.347725,2025-08-21 02:01:17.347725,台北市大安區忠孝東路四段59巷9號,Shipped
EHX-66333-637,01297-94364-XH,D003,2024-01-03 02:01:17.347725,2024-01-04 02:01:17.347725,台北市松山區民權東路五段162巷24號,Shipped
WXG-25759-236,39919-06540-ZI,D002,2024-07-03 02:01:17.347725,2024-07-05 02:01:17.347725,雲林縣斗六市保長路187巷4號,Shipped
QNA-31113-984,60512-78550-WS,D004,2022-07-31 02:01:17.347725,2022-08-01 02:01:17.347725,桃園市蘆竹區忠孝西路48號,Shipped
ZWI-52029-159,40172-12000-AU,D002,2023-11-05 02:01:17.347725,2023-11-06 02:01:17.347725,宜蘭縣員山鄉溫泉路194巷3號,Shipped
DFS-49954-707,39019-13649-CL,D004,2025-04-15 02:01:17.347725,2025-04-17 02:01:17.347725,台北市北投區西安街一段209號,Shipped
VYP-89830-878,12715-05198-QU,D002,2024-01-28 02:01:17.347725,2024-01-29 02:01:17.347725,彰化縣芳苑鄉上林路路上段15巷18號1樓,Shipped
AMT-40418-362,04513-76520-QO,D001,2023-12-02 02:01:17.347725,2023-12-05 02:01:17.347725,台北市士林區通河街150號,Shipped
NFQ-23241-793,88446-59251-SQ,D002,2024-02-04 02:01:17.347725,2024-02-07 02:01:17.347725,新北市新莊區中和街27巷6號2樓,Shipped
JQK-64922-985,23779-10274-KN,D004,2025-03-05 02:01:17.347725,2025-03-06 02:01:17.347725,台中市南屯區大墩十一街46巷5號,Shipped
YET-17732-678,57235-92842-DK,D002,2024-10-13 02:01:17.347725,2024-10-14 02:01:17.347725,台北市文山區和平東路四段50巷15號3樓,Shipped
NKW-24945-846,75977-30364-AY,D002,2025-01-27 02:01:17.347725,2025-01-28 02:01:17.347725,高雄市仁武區八德西路270號,Shipped
VKA-82720-513,12299-30914-NG,D002,2022-10-17 02:01:17.347725,2022-10-20 02:01:17.347725,桃園市龜山區文化七路43號,Shipped
THA-60599-417,59971-35626-YJ,D002,2023-02-18 02:01:17.347725,2023-02-21 02:01:17.347725,嘉義市東區大雅路二段99號,Shipped
MEK-39769-035,15380-76513-PS,D001,2024-10-20 02:01:17.347725,2024-10-21 02:01:17.347725,高雄市岡山區筧橋路131號,Shipped
JAF-18294-750,73564-98204-EY,D001,2022-12-30 02:01:17.347725,2023-01-01 02:01:17.347725,台中市后里區文明路117巷5號,Shipped
TME-59627-221,72282-40594-RX,D002,2024-08-23 02:01:17.347725,2024-08-24 02:01:17.347725,高雄市鼓山區西藏街136巷12號5樓,Shipped
UDG-65353-824,17514-94165-RJ,D005,2023-05-02 02:01:17.347725,2023-05-05 02:01:17.347725,台北市大安區仁愛路四段29巷7號,Shipped
ENQ-42923-176,56248-75861-JX,D001,2024-05-06 02:01:17.347725,2024-05-07 02:01:17.347725,高雄市鼓山區華泰路192號,Shipped
CBT-55781-720,97855-54761-IS,D005,2025-03-10 02:01:17.347725,2025-03-13 02:01:17.347725,新竹市香山區中華路五段56巷5號,Shipped
NEU-86533-016,96544-91644-IT,D005,2022-09-26 02:01:17.347725,2022-09-27 02:01:17.347725,台中市大安區中山南路97號,Shipped
BYU-58154-603,51971-70393-QM,D001,2024-04-11 02:01:17.347725,2024-04-13 02:01:17.347725,台中市后里區安眉路172號,Shipped
EHJ-05910-257,06812-11924-IK,D005,2024-06-02 02:01:17.347725,2024-06-03 02:01:17.347725,基隆市安樂區武隆街110號,Shipped
EIL-44855-309,59741-90220-OW,D005,2024-07-08 02:01:17.347725,2024-07-11 02:01:17.347725,新北市三峽區三樹路209號,Shipped
HCA-87224-420,62682-27930-PD,D003,2025-11-27 02:01:17.347725,2025-11-30 02:01:17.347725,新竹市東區龍山東路252號,Shipped
ABO-29054-365,00256-19905-YG,D003,2022-05-14 02:01:17.347725,2022-05-15 02:01:17.347725,台北市大同區南京西路143巷13號,Shipped
TKN-58485-031,38890-22576-UI,D005,2025-07-16 02:01:17.347725,2025-07-17 02:01:17.347725,台北市文山區興隆路四段86巷20號,Shipped
RCK-04069-371,94573-61802-PH,D005,2025-01-30 02:01:17.347725,2025-02-01 02:01:17.347725,新北市新店區德正街116巷8號,Shipped
IRJ-67095-738,86447-02699-UT,D004,2022-07-13 02:01:17.347725,2022-07-14 02:01:17.347725,雲林縣虎尾鎮立德路127巷28號,Shipped
VEA-31961-977,51432-27169-KN,D001,2025-04-09 02:01:17.347725,2025-04-12 02:01:17.347725,新北市深坑區埔新街70號,Shipped
BAF-42286-205,43074-00987-PB,D005,2025-10-01 02:01:17.347725,2025-10-04 02:01:17.347725,南投縣草屯鎮敦和路180號,Shipped
WOR-52762-511,04739-85772-QT,D005,2023-04-08 02:01:17.347725,2023-04-11 02:01:17.347725,台中市大里區新仁路１段222號,Shipped
ZWK-03995-815,28279-78469-YW,D005,2024-08-03 02:01:17.347725,2024-08-04 02:01:17.347725,高雄市三民區澄清路53巷1號,Shipped
CKF-43291-846,91829-99544-DS,D002,2023-07-04 02:01:17.347725,2023-07-06 02:01:17.347725,基隆市仁愛區仁三路7巷16號,Shipped
RMW-74160-339,38978-59582-JP,D005,2024-02-09 02:01:17.347725,2024-02-12 02:01:17.347725,屏東縣恆春鎮省北路160號,Shipped
FMT-94584-786,86504-96610-BH,D002,2023-01-31 02:01:17.347725,2023-02-03 02:01:17.347725,基隆市中山區文化路169巷19號,Shipped
NWT-78222-575,75986-98864-EZ,D002,2023-04-25 02:01:17.347725,2023-04-27 02:01:17.347725,新北市三峽區介壽路三段3巷11號,Shipped
EOI-02511-919,66776-88682-RG,D004,2023-07-14 02:01:17.347725,2023-07-16 02:01:17.347725,新竹市東區竹蓮街100巷11號,Shipped
UCT-03935-589,85851-78384-DM,D003,2024-07-22 02:01:17.347725,2024-07-24 02:01:17.347725,新北市板橋區重慶路182巷12號,Shipped
SBI-60013-494,55232-81621-BX,D005,2025-03-07 02:01:17.347725,2025-03-09 02:01:17.347725,台中市大安區中山南路97號,Shipped
QRA-73277-814,80310-92912-JA,D003,2024-11-12 02:01:17.347725,2024-11-15 02:01:17.347725,台北市大安區辛亥路二段71號,Shipped
EQE-31648-909,19821-05175-WZ,D004,2022-05-13 02:01:17.347725,2022-05-16 02:01:17.347725,台北市萬華區富民路65巷2號,Shipped
QOO-24615-950,01338-83217-GV,D001,2022-11-30 02:01:17.347725,2022-12-02 02:01:17.347725,新北市三重區重陽路四段287號,Shipped
WDV-73864-037,66044-25298-TA,D003,2025-07-06 02:01:17.347725,2025-07-09 02:01:17.347725,新北市樹林區八德街177號,Shipped
PKR-88575-066,28728-47861-TZ,D001,2025-09-09 02:01:17.347725,2025-09-12 02:01:17.347725,桃園市蘆竹區南崁路二段27巷3號,Shipped
BWR-85735-955,32638-38620-AX,D001,2023-04-08 02:01:17.347725,2023-04-09 02:01:17.347725,新竹縣竹北市莊敬六街70號,Shipped
YFX-64795-136,83163-65741-IH,D002,2023-05-10 02:01:17.347725,2023-05-11 02:01:17.347725,台中市后里區甲后路160號,Shipped
DDO-71442-967,89422-58281-FD,D001,2022-08-05 02:01:17.347725,2022-08-08 02:01:17.347725,新北市淡水區鄧公路3巷11號,Shipped
ILQ-11027-588,76293-30918-DQ,D004,2023-07-23 02:01:17.347725,2023-07-26 02:01:17.347725,新北市三重區重陽路一段90巷15號,Shipped
KRZ-13868-122,86779-84838-EJ,D002,2025-07-17 02:01:17.347725,2025-07-18 02:01:17.347725,高雄市鳳山區瑞興路99號,Shipped
VRM-93594-914,66806-41795-MX,D003,2024-11-13 02:01:17.347725,2024-11-14 02:01:17.347725,台中市太平區宜欣路185號,Shipped
HXL-22497-359,64875-71224-UI,D002,2022-11-29 02:01:17.347725,2022-12-02 02:01:17.347725,台北市文山區景文街72巷1號,Shipped
NOP-21394-646,16982-35708-BZ,D001,2024-09-15 02:01:17.347725,2024-09-17 02:01:17.347725,台南市東區榮譽街181號,Shipped
FTV-77095-168,66708-26678-QK,D002,2024-08-01 02:01:17.347725,2024-08-02 02:01:17.347725,新北市三重區捷運路93號,Shipped
BOR-02906-411,08743-09057-OO,D005,2025-02-09 02:01:17.347725,2025-02-10 02:01:17.347725,桃園市中壢區龍岡路一段32巷10號,Shipped
WMP-68847-770,37490-01572-JW,D002,2025-06-11 02:01:17.347725,2025-06-13 02:01:17.347725,基隆市中山區中山一路124號,Shipped
TMO-22785-872,01811-60350-CU,D004,2023-11-08 02:01:17.347725,2023-11-09 02:01:17.347725,桃園市新屋區新榮路147號,Shipped
TJG-73587-353,24766-58139-GT,D002,2023-06-17 02:01:17.347725,2023-06-20 02:01:17.347725,台中市后里區安眉路172號,Shipped
OOU-61343-455,90123-70970-NY,D002,2024-05-10 02:01:17.347725,2024-05-12 02:01:17.347725,台北市文山區和平東路四段50巷15號3樓,Shipped
RMA-08327-369,93809-05424-MG,D004,2024-05-06 02:01:17.347725,2024-05-09 02:01:17.347725,新竹市香山區中華路六段83巷18號,Shipped
SFB-97929-779,85425-33494-HQ,D001,2025-08-01 02:01:17.347725,2025-08-02 02:01:17.347725,宜蘭縣頭城鎮民鋒路13巷22號,Shipped
AUP-10128-606,54387-64897-XC,D005,2024-01-25 02:01:17.347725,2024-01-26 02:01:17.347725,台北市南港區昆陽街5巷8號,Shipped
YTW-40242-005,01035-70465-UO,D002,2023-02-20 02:01:17.347725,2023-02-23 02:01:17.347725,新北市淡水區義山路一段44巷8號7樓,Shipped
PRP-53390-819,84260-39432-ML,D001,2024-07-21 02:01:17.347725,2024-07-22 02:01:17.347725,基隆市安樂區麥金路154號,Shipped
GSJ-01065-125,69779-40609-RS,D004,2023-07-25 02:01:17.347725,2023-07-26 02:01:17.347725,彰化縣和美鎮線東路三段73巷21號,Shipped
YQU-65147-580,80247-70000-HT,D004,2025-07-19 02:01:17.347725,2025-07-20 02:01:17.347725,台北市南港區園區街175號,Shipped
QPM-95832-683,35058-04550-VC,D005,2023-03-01 02:01:17.347725,2023-03-02 02:01:17.347725,台中市大甲區新政路226號,Shipped
BNQ-88920-567,27226-53717-SY,D001,2023-04-24 02:01:17.347725,2023-04-26 02:01:17.347725,新北市三重區仁安街160巷6號,Shipped
PUX-47906-110,02002-98725-CH,D005,2025-01-24 02:01:17.347725,2025-01-25 02:01:17.347725,屏東縣枋寮鄉臨海路二段78巷8號,Shipped
COL-72079-610,38487-01549-MV,D004,2024-04-03 02:01:17.347725,2024-04-04 02:01:17.347725,高雄市左營區曾子路68號,Shipped
LBC-45686-819,98573-41811-EQ,D003,2024-08-24 02:01:17.347725,2024-08-26 02:01:17.347725,台中市西屯區甘肅路一段220號,Shipped
BLQ-03709-265,72463-75685-MV,D004,2025-11-27 02:01:17.347725,2025-11-29 02:01:17.347725,苗栗縣竹南鎮永貞路二段154號,Shipped
VFZ-91673-181,10225-91535-AI,D003,2025-03-08 02:01:17.347725,2025-03-10 02:01:17.347725,台北市中正區常德街16號,Shipped
WKD-81956-870,48090-06534-HI,D002,2024-01-10 02:01:17.347725,2024-01-11 02:01:17.347725,基隆市安樂區武隆街110號,Shipped
TNI-91067-006,80444-58185-FX,D005,2024-01-29 02:01:17.347725,2024-01-30 02:01:17.347725,台中市南區東興路一段217號,Shipped
IZA-61469-812,13561-92774-WP,D003,2023-05-01 02:01:17.347725,2023-05-03 02:01:17.347725,台北市文山區木柵路二段89號,Shipped
PSS-22466-862,11550-78378-GE,D003,2024-09-13 02:01:17.347725,2024-09-15 02:01:17.347725,台南市歸仁區和順路一段240號,Shipped
REH-56504-397,90961-35603-RP,D003,2023-06-21 02:01:17.347725,2023-06-24 02:01:17.347725,台中市西屯區甘肅路一段220號,Shipped
ALA-62598-016,57145-03803-ZL,D003,2023-06-14 02:01:17.347725,2023-06-16 02:01:17.347725,桃園市龜山區文化七路43號,Shipped
EYE-70374-835,89115-11966-VF,D004,2024-10-22 02:01:17.347725,2024-10-25 02:01:17.347725,基隆市七堵區明德一路137巷24號4樓,Shipped
CCZ-19589-212,05754-41702-FG,D001,2024-07-20 02:01:17.347725,2024-07-23 02:01:17.347725,台中市潭子區北環路152號,Shipped
BPT-83989-157,84269-49816-ML,D005,2025-02-19 02:01:17.347725,2025-02-20 02:01:17.347725,高雄市鼓山區鼓元街216號,Shipped
YFH-87456-208,23600-98432-ME,D002,2022-10-05 02:01:17.347725,2022-10-08 02:01:17.347725,台北市中正區衡陽路29巷2號,Shipped
JLN-14700-924,79058-02767-CP,D002,2023-10-22 02:01:17.347725,2023-10-25 02:01:17.347725,桃園市中壢區領航南路二段137巷19號,Shipped
JVW-22582-137,89208-74646-UK,D005,2024-07-16 02:01:17.347725,2024-07-19 02:01:17.347725,新北市新店區北宜路一段158號,Shipped
LAA-41879-001,11408-81032-UR,D003,2025-06-05 02:01:17.347725,2025-06-08 02:01:17.347725,高雄市三民區澄和路68巷5號5樓,Shipped
BRV-64870-915,32070-55528-UG,D003,2022-08-09 02:01:17.347725,2022-08-11 02:01:17.347725,新北市樹林區中山路三段8號,Shipped
RGJ-12544-083,48873-84433-PN,D003,2023-06-07 02:01:17.347725,2023-06-10 02:01:17.347725,台中市南屯區南屯路二段239號,Shipped
JJX-83339-346,32928-18158-OW,D003,2025-04-27 02:01:17.347725,2025-04-28 02:01:17.347725,高雄市大寮區新厝路197巷22號6樓,Shipped
BIU-21970-705,89711-56688-GG,D001,2024-04-01 02:01:17.347725,2024-04-03 02:01:17.347725,南投縣名間鄉名松路二段101號,Shipped
ELJ-87741-745,48389-71976-JB,D003,2023-06-15 02:01:17.347725,2023-06-17 02:01:17.347725,台北市文山區和平東路四段50巷15號3樓,Shipped
SGI-48226-857,84033-80762-EQ,D002,2023-10-05 02:01:17.347725,2023-10-06 02:01:17.347725,台北市中正區汀州路二段267號,Shipped
AHV-66988-037,12743-00952-KO,D001,2024-01-02 02:01:17.347725,2024-01-04 02:01:17.347725,宜蘭縣宜蘭市公園路70巷1號,Shipped
ISK-42066-094,41505-42181-EF,D004,2023-07-22 02:01:17.347725,2023-07-24 02:01:17.347725,新北市八里區商港路132巷20號,Shipped
FTC-35822-530,14307-87663-KB,D004,2024-02-03 02:01:17.347725,2024-02-05 02:01:17.347725,新北市蘆洲區永樂街243號,Shipped
VSS-56247-688,08360-19442-GB,D002,2025-09-13 02:01:17.347725,2025-09-14 02:01:17.347725,基隆市安樂區武聖街130號,Shipped
HVW-25584-144,93405-51204-UW,D003,2023-08-24 02:01:17.347725,2023-08-26 02:01:17.347725,桃園市中壢區領航南路二段137巷19號,Shipped
MUY-15309-209,97152-03355-IW,D003,2025-04-06 02:01:17.347725,2025-04-08 02:01:17.347725,高雄市新興區自立二路104巷20號,Shipped
VAJ-44572-469,79216-73157-TE,D004,2024-02-20 02:01:17.347725,2024-02-22 02:01:17.347725,台中市西屯區西屯路二段28號,Shipped
YJU-84377-606,20259-47723-AC,D001,2023-10-31 02:01:17.347725,2023-11-03 02:01:17.347725,宜蘭縣宜蘭市民族路183巷22號5樓,Shipped
VNC-93921-469,04666-71569-RI,D004,2023-05-26 02:01:17.347725,2023-05-28 02:01:17.347725,高雄市楠梓區高楠公路50巷9號,Shipped
OGB-91614-810,08909-77713-CG,D001,2023-06-13 02:01:17.347725,2023-06-16 02:01:17.347725,桃園市大園區航站南路162巷11號,Shipped
BQI-61647-496,84340-73931-VV,D003,2024-10-06 02:01:17.347725,2024-10-09 02:01:17.347725,新竹縣竹北市勝利八街一段174號,Shipped
IOM-51636-823,04609-95151-XH,D001,2025-11-29 02:01:17.347725,2025-11-30 02:01:17.347725,桃園市中壢區環中東路103巷23號,Shipped
GGD-38107-641,99562-88650-YF,D003,2025-03-18 02:01:17.347725,2025-03-21 02:01:17.347725,高雄市鳳山區文龍東路58號,Shipped
LTO-95975-728,46560-73885-PJ,D003,2025-02-05 02:01:17.347725,2025-02-06 02:01:17.347725,台北市中正區常德街162號,Shipped
IGM-84664-265,80179-44620-WN,D004,2024-12-24 02:01:17.347725,2024-12-25 02:01:17.347725,苗栗縣三義鄉水美路91巷18號,Shipped
SKO-45740-621,04666-71569-RI,D003,2023-05-11 02:01:17.347725,2023-05-13 02:01:17.347725,高雄市楠梓區高楠公路50巷9號,Shipped
FOJ-02234-063,59081-87231-VP,D003,2025-08-18 02:01:17.347725,2025-08-19 02:01:17.347725,桃園市大園區中山北路21號,Shipped
MSJ-11909-468,07878-45872-CC,D005,2025-03-08 02:01:17.347725,2025-03-10 02:01:17.347725,宜蘭縣宜蘭市公園路70巷1號,Shipped
DKB-78053-329,12444-05174-OO,D004,2024-10-01 02:01:17.347725,2024-10-02 02:01:17.347725,台中市北屯區梅川東路四段54號,Shipped
DFZ-45083-941,34665-62561-AU,D005,2024-03-16 02:01:17.347725,2024-03-19 02:01:17.347725,新北市土城區金城路2段79巷10號2樓,Shipped
OTA-40969-710,77877-11993-QH,D005,2022-07-07 02:01:17.347725,2022-07-08 02:01:17.347725,台北市文山區興隆路四段86巷20號,Shipped
GRH-45571-667,32291-18308-YZ,D003,2022-12-09 02:01:17.347725,2022-12-11 02:01:17.347725,台北市北投區振華街89巷22號,Shipped
NXV-05302-067,25754-33191-ZI,D001,2022-08-15 02:01:17.347725,2022-08-18 02:01:17.347725,新北市林口區仁愛路二段32巷28號,Shipped
VZH-86274-142,53120-45532-KL,D004,2025-08-25 02:01:17.347725,2025-08-28 02:01:17.347725,桃園市楊梅區裕成路138巷22號,Shipped
KIX-93248-135,36605-83052-WB,D004,2023-06-06 02:01:17.347725,2023-06-08 02:01:17.347725,苗栗縣苗栗市愛國路201號,Shipped
AXR-10962-010,53683-35977-KI,D002,2024-07-21 02:01:17.347725,2024-07-24 02:01:17.347725,台北市文山區興隆路一段127巷20號,Shipped
IHS-71573-008,07972-83134-NM,D004,2024-08-31 02:01:17.347725,2024-09-01 02:01:17.347725,台北市大安區敦化南路二段259號,Shipped
QTR-19001-114,01035-70465-UO,D004,2023-03-16 02:01:17.347725,2023-03-18 02:01:17.347725,新北市淡水區義山路一段44巷8號7樓,Shipped
WBK-62297-910,25514-23938-IQ,D001,2024-09-09 02:01:17.347725,2024-09-11 02:01:17.347725,新竹縣竹東鎮東寧路三段72巷23號7樓,Shipped
OGY-19377-175,49084-44492-OJ,D005,2022-11-01 02:01:17.347725,2022-11-03 02:01:17.347725,彰化縣彰化市彰馬路178號,Shipped
ESR-66651-814,76624-72205-CK,D002,2023-09-13 02:01:17.347725,2023-09-14 02:01:17.347725,新北市瑞芳區明燈路三段165號,Shipped
CPX-46916-770,12729-50170-JE,D002,2024-12-20 02:01:17.347725,2024-12-23 02:01:17.347725,台中市東區力行路63號,Shipped
MDC-03318-645,43974-44760-QI,D001,2025-08-23 02:01:17.347725,2025-08-25 02:01:17.347725,桃園市桃園區建新街75號,Shipped
SFF-86059-407,30585-48726-BK,D004,2023-09-27 02:01:17.347725,2023-09-30 02:01:17.347725,台北市大安區建國南路一段168巷17號,Shipped
SCL-94540-788,16123-07017-TY,D001,2025-10-06 02:01:17.347725,2025-10-08 02:01:17.347725,花蓮縣新城鄉嘉新路56巷14號,Shipped
HVU-21634-076,27723-45097-MH,D004,2023-10-04 02:01:17.347725,2023-10-05 02:01:17.347725,高雄市橋頭區仕豐路74號,Shipped
XUS-73326-418,37078-56703-AF,D004,2024-04-12 02:01:17.347725,2024-04-14 02:01:17.347725,苗栗縣竹南鎮科專三路298號,Shipped
XWD-18933-006,79420-11075-MY,D005,2022-12-24 02:01:17.347725,2022-12-27 02:01:17.347725,台北市北投區西安街二段187號,Shipped
HPD-65272-772,57504-13456-UO,D003,2022-06-20 02:01:17.347725,2022-06-21 02:01:17.347725,桃園市龍潭區百年路192號,Shipped
JEG-93140-224,53751-57560-CN,D001,2024-06-02 02:01:17.347725,2024-06-05 02:01:17.347725,新北市三峽區大德路255號,Shipped
NNH-62058-950,96112-42558-EA,D004,2024-05-09 02:01:17.347725,2024-05-12 02:01:17.347725,新北市瑞芳區明燈路三段165號,Shipped
LTD-71429-845,03157-23165-UB,D005,2022-06-19 02:01:17.347725,2022-06-21 02:01:17.347725,基隆市仁愛區仁三路7巷16號,Shipped
MPV-26985-215,51466-52850-AG,D002,2022-10-16 02:01:17.347725,2022-10-19 02:01:17.347725,新北市板橋區合安一路186巷5號,Shipped
IYO-10245-081,57145-31023-FK,D003,2023-09-02 02:01:17.347725,2023-09-04 02:01:17.347725,彰化縣永靖鄉永福路1段130號,Shipped
BYZ-39669-954,66408-53777-VE,D001,2023-11-11 02:01:17.347725,2023-11-14 02:01:17.347725,高雄市大社區金龍路8號,Shipped
EFB-72860-209,53035-99701-WG,D004,2023-02-09 02:01:17.347725,2023-02-10 02:01:17.347725,新北市三重區仁安街160巷6號,Shipped
GMM-72397-378,45899-92796-EI,D004,2025-09-08 02:01:17.347725,2025-09-09 02:01:17.347725,新北市瑞芳區明燈路三段165號,Shipped
LYP-52345-883,17649-28133-PY,D002,2024-07-17 02:01:17.347725,2024-07-18 02:01:17.347725,新北市中和區興南路二段151巷16號,Shipped
DFK-35846-692,49612-33852-CN,D002,2023-02-26 02:01:17.347725,2023-03-01 02:01:17.347725,彰化縣芳苑鄉斗苑路三合段240號,Shipped
XAH-93337-609,66976-43829-YG,D001,2025-02-20 02:01:17.347725,2025-02-23 02:01:17.347725,台南市善化區環東路二段161巷3號,Shipped
QKA-72582-644,64852-04619-XZ,D004,2024-04-10 02:01:17.347725,2024-04-12 02:01:17.347725,新北市新莊區豐年街193號,Shipped
ZDK-84567-102,58690-31815-VY,D003,2025-03-24 02:01:17.347725,2025-03-26 02:01:17.347725,新北市瑞芳區三爪子坑路70巷25號7樓,Shipped
WAV-38301-984,62863-81239-DT,D001,2024-07-13 02:01:17.347725,2024-07-16 02:01:17.347725,南投縣南投市光華十路7巷20號,Shipped
KZR-33023-209,21177-40725-CF,D003,2025-08-01 02:01:17.347725,2025-08-04 02:01:17.347725,新北市新店區寶橋路238號,Shipped
ULM-49433-003,99421-80253-UI,D003,2023-12-08 02:01:17.347725,2023-12-09 02:01:17.347725,宜蘭縣宜蘭市公園路70巷1號,Shipped
SIB-83254-136,45315-50206-DK,D004,2022-09-04 02:01:17.347725,2022-09-06 02:01:17.347725,新北市八里區商港路132巷20號,Shipped
NOK-50349-551,09595-95726-OV,D004,2024-06-26 02:01:17.347725,2024-06-29 02:01:17.347725,新北市汐止區福德一路205號,Shipped
YIS-96268-844,60221-67036-TD,D003,2023-06-06 02:01:17.347725,2023-06-08 02:01:17.347725,新北市中和區中板路114號,Shipped
CXI-04933-855,62923-29397-KX,D004,2022-08-20 02:01:17.347725,2022-08-22 02:01:17.347725,新北市淡水區新市五路三段168號,Shipped
IZU-90429-382,33011-52383-BA,D003,2025-07-19 02:01:17.347725,2025-07-20 02:01:17.347725,新北市中和區圓通路103巷1號4樓,Shipped
WIT-40912-783,86768-91598-FA,D002,2024-01-22 02:01:17.347725,2024-01-24 02:01:17.347725,台北市文山區興隆路四段86巷20號,Shipped
PSD-57291-590,37191-12203-MX,D005,2023-02-16 02:01:17.347725,2023-02-19 02:01:17.347725,嘉義縣民雄鄉建國路二段14巷2號,Shipped
GOI-41472-677,16545-76328-JY,D002,2024-11-27 02:01:17.347725,2024-11-28 02:01:17.347725,台北市文山區興隆路一段127巷20號,Shipped
KTX-17944-494,74330-29286-RO,D003,2023-04-23 02:01:17.347725,2023-04-26 02:01:17.347725,桃園市平鎮區德育路二段228號,Shipped
RDM-99811-230,22349-47389-GY,D001,2023-03-22 02:01:17.347725,2023-03-23 02:01:17.347725,台南市歸仁區中正北路二段252號,Shipped
JTU-55897-581,70290-38099-GB,D005,2023-06-24 02:01:17.347725,2023-06-26 02:01:17.347725,新北市林口區66號,Shipped
CRK-07584-240,18741-72071-PP,D001,2024-05-26 02:01:17.347725,2024-05-29 02:01:17.347725,新北市泰山區新北大道五段89巷25號,Shipped
MKE-75518-399,62588-82624-II,D004,2025-10-10 02:01:17.347725,2025-10-13 02:01:17.347725,桃園市楊梅區獅一路27巷15號,Shipped
AEL-51169-725,37430-29579-HD,D005,2023-05-29 02:01:17.347725,2023-06-01 02:01:17.347725,桃園市中壢區復華九街76號,Shipped
ZGM-83108-823,84132-22322-QT,D003,2025-05-20 02:01:17.347725,2025-05-23 02:01:17.347725,新北市淡水區新市二路二段87巷29號,Shipped
JBP-78754-392,74330-29286-RO,D005,2023-08-24 02:01:17.347725,2023-08-25 02:01:17.347725,桃園市平鎮區德育路二段228號,Shipped
RNH-54912-747,37445-17791-NQ,D003,2024-08-24 02:01:17.347725,2024-08-26 02:01:17.347725,新北市三重區仁興街105巷22號3樓,Shipped
JDS-33440-914,58511-10548-ZU,D004,2025-02-20 02:01:17.347725,2025-02-22 02:01:17.347725,台北市大安區辛亥路二段71號,Shipped
SYX-48878-182,47725-34771-FJ,D002,2024-12-22 02:01:17.347725,2024-12-23 02:01:17.347725,台中市北屯區豐樂路35號,Shipped
ZGD-94763-868,53086-67334-KT,D003,2023-04-21 02:01:17.347725,2023-04-22 02:01:17.347725,新北市三芝區淡金路一段166巷25號4樓,Shipped
CZY-70361-485,83308-82257-UN,D001,2022-10-18 02:01:17.347725,2022-10-20 02:01:17.347725,台中市豐原區鎌村路30巷23號5樓,Shipped
RJR-12175-899,37274-08534-FM,D002,2022-06-25 02:01:17.347725,2022-06-28 02:01:17.347725,台中市西區向上路一段168號,Shipped
ELB-07929-407,54004-04664-AA,D002,2025-04-27 02:01:17.347725,2025-04-29 02:01:17.347725,高雄市左營區立大路219號,Shipped
UJQ-54441-340,26822-19510-SD,D005,2022-11-22 02:01:17.347725,2022-11-23 02:01:17.347725,台中市豐原區田心路二段91巷21號,Shipped
OWY-43108-475,06432-73165-ML,D003,2024-03-30 02:01:17.347725,2024-03-31 02:01:17.347725,台中市西屯區大墩十九街9巷13號1樓,Shipped
GNO-91911-159,96503-31833-CW,D003,2024-04-11 02:01:17.347725,2024-04-12 02:01:17.347725,台中市豐原區南陽路233號,Shipped
CNY-06284-066,63985-64148-MG,D005,2024-10-19 02:01:17.347725,2024-10-21 02:01:17.347725,苗栗縣後龍鎮造豐路77巷29號2樓,Shipped
OQS-46321-904,19597-91185-CM,D002,2022-11-12 02:01:17.347725,2022-11-14 02:01:17.347725,新北市中和區中安街142巷27號,Shipped
IBW-87442-480,79814-23626-JR,D001,2025-11-06 02:01:17.347725,2025-11-09 02:01:17.347725,新北市烏來區34巷14號,Shipped
DGZ-82537-477,43439-94003-DW,D003,2023-12-08 02:01:17.347725,2023-12-10 02:01:17.347725,高雄市岡山區筧橋路131號,Shipped
LPS-39089-432,97655-45555-LI,D003,2022-08-17 02:01:17.347725,2022-08-19 02:01:17.347725,桃園市中壢區新中北路二段175巷18號,Shipped
MQU-86100-929,64418-01720-VW,D005,2022-09-27 02:01:17.347725,2022-09-30 02:01:17.347725,台南市安南區培安路105巷18號,Shipped
XUR-14132-391,96836-09258-RI,D003,2025-12-01 02:01:17.347725,2025-12-04 02:01:17.347725,高雄市三民區澄和路125巷22號,Shipped
OVI-27064-381,37274-08534-FM,D004,2023-03-08 02:01:17.347725,2023-03-09 02:01:17.347725,台中市西區向上路一段168號,Shipped
SHP-17012-870,69529-07533-CV,D004,2023-10-01 02:01:17.347725,2023-10-04 02:01:17.347725,彰化縣二林鎮里斗苑路四段64號,Shipped
FDY-03414-903,94840-49457-UD,D004,2022-12-05 02:01:17.347725,2022-12-07 02:01:17.347725,台中市大里區工業二路74巷28號,Shipped
WXT-85291-143,81414-81273-DK,D004,2022-12-28 02:01:17.347725,2022-12-31 02:01:17.347725,新北市烏來區環山路112巷6號,Shipped
QNP-18893-547,76930-61689-CH,D003,2023-01-27 02:01:17.347725,2023-01-28 02:01:17.347725,台北市大安區新生南路一段68號,Shipped
DOH-92927-530,12839-56537-TQ,D005,2023-06-19 02:01:17.347725,2023-06-20 02:01:17.347725,高雄市鳳山區鳳育路8巷4號,Shipped
HGJ-82768-173,62741-01322-HU,D002,2024-12-19 02:01:17.347725,2024-12-22 02:01:17.347725,台北市士林區中山北路六段37號,Shipped
YPT-95383-088,43439-94003-DW,D001,2025-01-26 02:01:17.347725,2025-01-29 02:01:17.347725,高雄市岡山區筧橋路131號,Shipped
OYH-16533-767,44932-34838-RM,D005,2023-10-07 02:01:17.347725,2023-10-10 02:01:17.347725,台北市南港區忠孝東路六段249號,Shipped
DWW-28642-549,91181-19412-RQ,D005,2024-06-24 02:01:17.347725,2024-06-25 02:01:17.347725,台中市潭子區興華一路78巷25號,Shipped
CGO-79583-871,37182-54930-XC,D005,2022-06-27 02:01:17.347725,2022-06-29 02:01:17.347725,台中市豐原區南陽路233號,Shipped
TFY-52090-386,08613-17327-XT,D005,2023-02-05 02:01:17.347725,2023-02-08 02:01:17.347725,新北市板橋區僑中一街87巷19號6樓,Shipped
NYY-73968-094,70451-38048-AH,D004,2022-12-08 02:01:17.347725,2022-12-11 02:01:17.347725,台北市大同區延平北路三段163巷7號,Shipped
QEY-71761-460,35442-75769-PL,D001,2025-03-24 02:01:17.347725,2025-03-27 02:01:17.347725,台南市安平區國平路169號,Shipped
GKQ-82603-910,83737-56117-JE,D003,2023-05-14 02:01:17.347725,2023-05-16 02:01:17.347725,高雄市旗津區廟前路179號,Shipped
IOB-32673-745,07095-81281-NJ,D005,2024-09-20 02:01:17.347725,2024-09-23 02:01:17.347725,彰化縣溪湖鎮崙子腳路233號,Shipped
YAU-98893-150,77043-48851-HG,D004,2025-05-10 02:01:17.347725,2025-05-13 02:01:17.347725,台中市東勢區石城街2巷17號5樓,Shipped
XNM-14163-951,78224-60622-KH,D001,2023-03-29 02:01:17.347725,2023-03-31 02:01:17.347725,台北市內湖區安泰街51巷16號,Shipped
JPB-45297-000,83105-86631-IU,D004,2025-10-24 02:01:17.347725,2025-10-25 02:01:17.347725,高雄市三民區澄和路68巷5號5樓,Shipped
MOU-74341-266,99358-65399-TC,D002,2022-08-30 02:01:17.347725,2022-09-02 02:01:17.347725,高雄市仁武區水管路233號,Shipped
DHJ-87461-571,94525-76037-JP,D003,2023-12-17 02:01:17.347725,2023-12-18 02:01:17.347725,嘉義縣民雄鄉建國路二段93號,Shipped
DKM-97676-850,43439-94003-DW,D005,2023-09-26 02:01:17.347725,2023-09-27 02:01:17.347725,高雄市岡山區筧橋路131號,Shipped
UEB-09112-118,82718-93677-XO,D001,2023-05-25 02:01:17.347725,2023-05-28 02:01:17.347725,桃園市楊梅區瑞溪路二段287號,Shipped
ORZ-67699-748,44708-78241-DF,D002,2023-06-10 02:01:17.347725,2023-06-12 02:01:17.347725,新北市三重區龍門路7號,Shipped
JXP-28398-485,23039-93032-FN,D003,2024-10-04 02:01:17.347725,2024-10-05 02:01:17.347725,新竹市東區金山街176巷22號,Shipped
WWH-92259-198,35256-12529-FT,D004,2025-07-04 02:01:17.347725,2025-07-05 02:01:17.347725,台中市南區東興路一段217號,Shipped
FLR-82914-153,86100-33488-WP,D005,2025-01-02 02:01:17.347725,2025-01-04 02:01:17.347725,南投縣名間鄉名松路二段101號,Shipped
AMB-93600-000,64435-53100-WM,D005,2022-09-06 02:01:17.347725,2022-09-08 02:01:17.347725,南投縣竹山鎮前山路一段72號,Shipped
FEP-36895-658,44699-43836-UH,D003,2022-08-01 02:01:17.347725,2022-08-02 02:01:17.347725,雲林縣東勢鄉康安路7巷16號,Shipped
RXW-91413-276,29588-35679-RG,D005,2023-12-09 02:01:17.347725,2023-12-11 02:01:17.347725,新北市新店區文化路119號,Shipped
SDB-77492-188,64815-54078-HH,D003,2025-08-28 02:01:17.347725,2025-08-31 02:01:17.347725,新北市新店區如意街270號,Shipped
RZN-65182-395,59572-41990-XY,D003,2024-07-20 02:01:17.347725,2024-07-23 02:01:17.347725,桃園市桃園區正康二街191號,Shipped
HDQ-86094-507,32481-61533-ZJ,D004,2022-08-20 02:01:17.347725,2022-08-22 02:01:17.347725,宜蘭縣宜蘭市東港路203號,Shipped
YXO-79631-417,31587-92570-HL,D001,2025-01-18 02:01:17.347725,2025-01-19 02:01:17.347725,台北市大安區新生南路一段68號,Shipped
SNF-57032-096,93832-04799-ID,D002,2023-06-08 02:01:17.347725,2023-06-09 02:01:17.347725,新北市中和區中安街142巷27號,Shipped
DGL-29648-995,59367-30821-ZQ,D002,2024-11-08 02:01:17.347725,2024-11-10 02:01:17.347725,台北市南港區忠孝東路六段249號,Shipped
GPU-65651-504,83947-45528-ET,D001,2025-09-03 02:01:17.347725,2025-09-04 02:01:17.347725,台北市大安區辛亥路二段65巷12號,Shipped
OJU-34452-896,60799-92593-CX,D003,2022-05-30 02:01:17.347725,2022-06-01 02:01:17.347725,新北市淡水區中山北路二段92巷19號,Shipped
GZS-50547-887,61600-55136-UM,D001,2022-05-31 02:01:17.347725,2022-06-02 02:01:17.347725,台北市文山區木新路二段84號,Shipped
ESR-54041-053,59771-90302-OF,D003,2025-09-16 02:01:17.347725,2025-09-19 02:01:17.347725,雲林縣台西鄉崙豐路283號,Shipped
OGD-10781-526,16880-78077-FB,D002,2024-01-28 02:01:17.347725,2024-01-31 02:01:17.347725,桃園市中壢區吉林二路207號,Shipped
FVH-29271-315,74415-50873-FC,D004,2025-10-23 02:01:17.347725,2025-10-25 02:01:17.347725,新北市中和區興南路二段151巷16號,Shipped
BNZ-20544-633,31798-95707-NR,D002,2024-02-14 02:01:17.347725,2024-02-15 02:01:17.347725,台南市南區健康路二段37號,Shipped
FUX-85791-078,59122-08794-WT,D001,2024-02-09 02:01:17.347725,2024-02-12 02:01:17.347725,台北市士林區中山北路七段27巷8號,Shipped
YXP-20078-116,37238-52421-JJ,D002,2024-01-17 02:01:17.347725,2024-01-18 02:01:17.347725,新北市三峽區民權街86號,Shipped
VQV-59984-866,48854-01899-FN,D003,2022-07-01 02:01:17.347725,2022-07-04 02:01:17.347725,高雄市左營區孔營路77號,Shipped
JEH-37276-048,80896-38819-DW,D004,2024-10-23 02:01:17.347725,2024-10-25 02:01:17.347725,新北市三峽區大學路79巷6號,Shipped
VYD-28555-589,29814-01459-RC,D002,2022-12-06 02:01:17.347725,2022-12-08 02:01:17.347725,台中市南屯區東興路二段38巷22號1樓,Shipped
WUG-76466-650,43439-94003-DW,D002,2024-06-17 02:01:17.347725,2024-06-20 02:01:17.347725,高雄市岡山區筧橋路131號,Shipped
RJV-08261-583,48497-29281-FE,D005,2025-07-19 02:01:17.347725,2025-07-22 02:01:17.347725,台中市南屯區南屯路二段239號,Shipped
PMR-56062-609,43605-12616-YH,D001,2023-05-05 02:01:17.347725,2023-05-08 02:01:17.347725,台北市士林區忠誠路二段146號,Shipped
XLD-12920-505,21907-75962-VB,D002,2022-08-24 02:01:17.347725,2022-08-27 02:01:17.347725,新竹縣竹東鎮東寧路三段72巷23號7樓,Shipped
UBW-50312-037,69503-12127-YD,D002,2023-06-04 02:01:17.347725,2023-06-05 02:01:17.347725,台北市大同區南京西路143巷13號,Shipped
QAW-05889-019,68810-07329-EU,D005,2025-04-23 02:01:17.347725,2025-04-26 02:01:17.347725,台北市大安區忠孝東路四段95號,Shipped
EPT-12715-397,08478-75251-OG,D001,2024-01-03 02:01:17.347725,2024-01-06 02:01:17.347725,台中市豐原區豐原大道四段251號,Shipped
DHT-93810-053,17005-82030-EA,D004,2025-01-09 02:01:17.347725,2025-01-12 02:01:17.347725,新竹縣湖口鄉中正路三段5巷1號,Shipped
DMY-96037-963,42179-95059-DO,D002,2024-02-19 02:01:17.347725,2024-02-22 02:01:17.347725,屏東縣萬巒鄉萬德路191號,Shipped
MBM-55936-917,55989-39849-WO,D003,2022-07-05 02:01:17.347725,2022-07-08 02:01:17.347725,桃園市中壢區中北路二段167號,Shipped
TPA-93614-840,28932-49296-TM,D003,2024-06-13 02:01:17.347725,2024-06-16 02:01:17.347725,新竹市東區公道五路二段172號,Shipped
WDM-77521-710,86144-10144-CB,D004,2024-02-22 02:01:17.347725,2024-02-23 02:01:17.347725,台中市北區博館東街127巷15號5樓,Shipped
EIP-19142-462,60973-72562-DQ,D001,2024-12-30 02:01:17.347725,2025-01-01 02:01:17.347725,高雄市小港區廈莊一街133巷22號3樓,Shipped
ZZL-76364-387,11263-86515-VU,D004,2024-01-03 02:01:17.347725,2024-01-06 02:01:17.347725,台北市大安區光復南路144號,Shipped
GMF-18638-786,60004-62976-NI,D003,2025-01-19 02:01:17.347725,2025-01-21 02:01:17.347725,台中市西屯區西屯路二段28號,Shipped
TDJ-20844-787,77876-28498-HI,D003,2024-02-29 02:01:17.347725,2024-03-03 02:01:17.347725,新北市五股區登林路240號,Shipped
BWK-39400-446,61302-06948-EH,D003,2023-01-05 02:01:17.347725,2023-01-07 02:01:17.347725,新北市板橋區合安一路186巷5號,Shipped
LCB-02099-995,06757-96251-UH,D002,2022-11-23 02:01:17.347725,2022-11-24 02:01:17.347725,彰化縣福興鄉福工路280號,Shipped
UBA-43678-174,44530-75983-OD,D003,2022-07-08 02:01:17.347725,2022-07-11 02:01:17.347725,台南市永康區東橋一路157號,Shipped
UDH-24280-432,44865-58249-RY,D001,2024-09-08 02:01:17.347725,2024-09-09 02:01:17.347725,桃園市楊梅區自立街147號,Shipped
IDQ-20193-502,36021-61205-DF,D001,2022-08-29 02:01:17.347725,2022-08-30 02:01:17.347725,嘉義市西區南京路259號,Shipped
DJG-14442-608,75716-12782-SS,D003,2022-06-01 02:01:17.347725,2022-06-03 02:01:17.347725,新北市五股區民義路二段208號,Shipped
DWB-61381-370,11812-00461-KH,D002,2024-08-02 02:01:17.347725,2024-08-03 02:01:17.347725,新北市三峽區民權街86號,Shipped
FRD-17347-990,46681-78850-ZW,D001,2023-09-13 02:01:17.347725,2023-09-15 02:01:17.347725,新竹縣北埔鄉南興街19號,Shipped
YPP-27450-525,01932-87052-KO,D004,2024-03-27 02:01:17.347725,2024-03-29 02:01:17.347725,台北市信義區松信路131巷12號,Shipped
EFC-39577-424,16046-34805-ZF,D004,2024-12-01 02:01:17.347725,2024-12-03 02:01:17.347725,苗栗縣竹南鎮科專三路298號,Shipped
LAW-80062-016,34546-70516-LR,D005,2025-05-29 02:01:17.347725,2025-05-30 02:01:17.347725,南投縣名間鄉名松路二段101號,Shipped
WKL-27981-758,73699-93557-FZ,D002,2025-08-01 02:01:17.347725,2025-08-03 02:01:17.347725,台北市大同區南京西路143巷13號,Shipped
VRT-39834-265,86686-37462-CK,D001,2024-05-02 02:01:17.347725,2024-05-05 02:01:17.347725,高雄市岡山區柳橋西路一段253號,Shipped
QTC-71005-730,14298-02150-KH,D002,2024-12-26 02:01:17.347725,2024-12-29 02:01:17.347725,彰化縣彰化市公園路一段287號,Shipped
TNX-09857-717,48675-07824-HJ,D003,2025-02-27 02:01:17.347725,2025-03-01 02:01:17.347725,新北市板橋區莒光路132號,Shipped
JZV-43874-185,18551-80943-YQ,D004,2024-11-25 02:01:17.347725,2024-11-27 02:01:17.347725,桃園市平鎮區廣明路177巷18號,Shipped
ICF-17486-106,19196-09748-DB,D003,2023-05-22 02:01:17.347725,2023-05-25 02:01:17.347725,高雄市左營區榮總路103巷7號,Shipped
BMK-49520-383,72233-08665-IP,D004,2023-03-28 02:01:17.347725,2023-03-31 02:01:17.347725,嘉義縣民雄鄉建國路二段93號,Shipped
HTS-15020-632,53817-13148-RK,D003,2022-11-29 02:01:17.347725,2022-11-30 02:01:17.347725,台中市南區福田二街125號,Shipped
YLE-18247-749,92227-49331-QR,D001,2023-07-05 02:01:17.347725,2023-07-07 02:01:17.347725,台北市信義區光復南路160號,Shipped
KJJ-12573-591,12997-41076-FQ,D003,2025-01-11 02:01:17.347725,2025-01-12 02:01:17.347725,新竹縣芎林鄉富林路三段34巷24號7樓,Shipped
RGU-43561-950,44220-00348-MB,D001,2024-03-02 02:01:17.347725,2024-03-03 02:01:17.347725,基隆市信義區義七路216號,Shipped
JSN-73975-443,93047-98331-DD,D004,2025-10-20 02:01:17.347725,2025-10-22 02:01:17.347725,嘉義市西區世賢路二段15巷29號,Shipped
WNR-71736-993,16880-78077-FB,D004,2023-05-31 02:01:17.347725,2023-06-02 02:01:17.347725,桃園市中壢區吉林二路207號,Shipped
HNI-91338-546,67285-75317-XI,D002,2023-06-02 02:01:17.347725,2023-06-04 02:01:17.347725,台北市大安區濟南路三段57巷16號,Shipped
CYH-53243-218,88167-57964-PH,D005,2024-04-12 02:01:17.347725,2024-04-14 02:01:17.347725,台中市烏日區環中路八段202號,Shipped
SVD-75407-177,16106-36039-QS,D001,2024-12-16 02:01:17.347725,2024-12-17 02:01:17.347725,南投縣竹山鎮集山路三段107號,Shipped
NVN-66443-451,98921-82417-GN,D005,2024-12-13 02:01:17.347725,2024-12-14 02:01:17.347725,台北市萬華區富民路65巷2號,Shipped
JUA-13580-095,55265-75151-AK,D003,2022-07-25 02:01:17.347725,2022-07-28 02:01:17.347725,苗栗縣竹南鎮永貞路二段97巷28號,Shipped
ACY-56225-839,47386-50743-FG,D002,2024-05-23 02:01:17.347725,2024-05-25 02:01:17.347725,台中市豐原區豐原大道四段251號,Shipped
QBB-07903-622,32622-54551-UC,D002,2023-02-13 02:01:17.347725,2023-02-16 02:01:17.347725,新竹縣新埔鎮田新路297號,Shipped
JLJ-81802-619,16880-78077-FB,D005,2024-10-13 02:01:17.347725,2024-10-14 02:01:17.347725,桃園市中壢區吉林二路207號,Shipped
HFT-77191-168,48419-02347-XP,D004,2025-02-27 02:01:17.347725,2025-02-28 02:01:17.347725,桃園市平鎮區廣明路177巷18號,Shipped
SZR-35951-530,14121-20527-OJ,D004,2024-07-29 02:01:17.347725,2024-07-31 02:01:17.347725,宜蘭縣員山鄉溫泉路194巷3號,Shipped
IKL-95976-565,53486-73919-BQ,D003,2023-04-03 02:01:17.347725,2023-04-06 02:01:17.347725,嘉義市東區大雅路二段99號,Shipped
XEY-48929-474,21889-94615-WT,D001,2025-04-27 02:01:17.347725,2025-04-28 02:01:17.347725,宜蘭縣蘇澳鎮大同路273號,Shipped
SQT-07286-736,87726-16941-QW,D002,2023-04-02 02:01:17.347725,2023-04-03 02:01:17.347725,新北市三重區仁興街105巷22號3樓,Shipped
QDU-45390-361,03677-09134-BC,D005,2025-03-23 02:01:17.347725,2025-03-26 02:01:17.347725,高雄市三民區澄和路68巷5號5樓,Shipped
RUJ-30649-712,93224-71517-WV,D003,2025-07-04 02:01:17.347725,2025-07-05 02:01:17.347725,高雄市鼓山區華泰路192號,Shipped
WSV-49732-075,76263-95145-GJ,D001,2024-05-12 02:01:17.347725,2024-05-15 02:01:17.347725,桃園市蘆竹區海山路二段245號,Shipped
VJF-46305-323,68555-89840-GZ,D002,2022-05-13 02:01:17.347725,2022-05-15 02:01:17.347725,基隆市安樂區武聖街130號,Shipped
CXD-74176-600,70624-19112-AO,D005,2022-07-31 02:01:17.347725,2022-08-01 02:01:17.347725,高雄市鳳山區鳳育路8巷4號,Shipped
ADX-50674-975,58916-61837-QH,D001,2024-05-29 02:01:17.347725,2024-06-01 02:01:17.347725,新竹縣芎林鄉五和街98號,Shipped
RRP-51647-420,89292-52335-YZ,D002,2022-08-11 02:01:17.347725,2022-08-14 02:01:17.347725,新北市八里區觀海大道197巷2號,Shipped
PKJ-99134-523,77284-34297-YY,D003,2024-10-30 02:01:17.347725,2024-11-02 02:01:17.347725,高雄市小港區沿海一路44號,Shipped
FZQ-29439-457,50449-80974-BZ,D005,2024-06-18 02:01:17.347725,2024-06-21 02:01:17.347725,台中市龍井區龍山街168巷1號6樓,Shipped
USN-68115-161,08120-16183-AW,D001,2024-12-03 02:01:17.347725,2024-12-05 02:01:17.347725,新北市土城區廣明街127號,Shipped
IXU-20263-532,68044-89277-ML,D004,2023-03-10 02:01:17.347725,2023-03-12 02:01:17.347725,桃園市蘆竹區南華一街163巷27號,Shipped
CBT-15092-420,71364-35210-HS,D001,2023-04-11 02:01:17.347725,2023-04-14 02:01:17.347725,宜蘭縣蘇澳鎮大同路35巷26號,Shipped
PKQ-46841-696,37177-68797-ON,D004,2023-07-12 02:01:17.347725,2023-07-14 02:01:17.347725,新北市新店區安忠路62巷19號,Shipped
XDU-05471-219,60308-06944-GS,D005,2025-09-29 02:01:17.347725,2025-09-30 02:01:17.347725,新北市瑞芳區185號,Shipped
NID-20149-329,49888-39458-PF,D002,2024-09-12 02:01:17.347725,2024-09-13 02:01:17.347725,台中市太平區新平路三段275號,Shipped
SVU-27222-213,60748-46813-DZ,D004,2024-05-06 02:01:17.347725,2024-05-07 02:01:17.347725,高雄市小港區博學路85巷12號,Shipped
RWI-84131-848,16385-11286-NX,D005,2022-06-17 02:01:17.347725,2022-06-18 02:01:17.347725,高雄市前鎮區翠亨北路195號,Shipped
GUU-40666-525,68555-89840-GZ,D004,2025-03-19 02:01:17.347725,2025-03-22 02:01:17.347725,基隆市安樂區武聖街130號,Shipped
SCN-51395-066,72164-90254-EJ,D004,2025-05-13 02:01:17.347725,2025-05-15 02:01:17.347725,屏東縣屏東市民生東路293號,Shipped
ULA-24644-321,67010-92988-CT,D001,2024-12-06 02:01:17.347725,2024-12-09 02:01:17.347725,台中市神岡區大洲路215號,Shipped
EOL-92666-762,15776-91507-GT,D005,2023-05-06 02:01:17.347725,2023-05-09 02:01:17.347725,苗栗縣竹南鎮永貞路二段97巷28號,Shipped
AJV-18231-334,23473-41001-CD,D005,2023-10-29 02:01:17.347725,2023-10-31 02:01:17.347725,台北市中正區衡陽路29巷2號,Shipped
ZQI-47236-301,23446-47798-ID,D004,2022-11-17 02:01:17.347725,2022-11-20 02:01:17.347725,新北市烏來區34巷14號,Shipped
ZCR-15721-658,28327-84469-ND,D003,2025-09-18 02:01:17.347725,2025-09-20 02:01:17.347725,新竹市北區榮濱路4巷25號,Shipped
QEW-47945-682,42466-87067-DT,D003,2023-05-05 02:01:17.347725,2023-05-06 02:01:17.347725,嘉義縣朴子市南通路三段275號,Shipped
PSY-45485-542,62246-99443-HF,D002,2022-09-09 02:01:17.347725,2022-09-12 02:01:17.347725,台中市北屯區中清路二段31巷18號,Shipped
BAQ-74241-156,99869-55718-UU,D005,2023-11-17 02:01:17.347725,2023-11-18 02:01:17.347725,台中市太平區大興11街195巷9號,Shipped
BVU-77367-451,77421-46059-RY,D003,2024-02-13 02:01:17.347725,2024-02-15 02:01:17.347725,新北市三峽區大學路79巷6號,Shipped
TJE-91516-344,49894-06550-OQ,D005,2023-01-15 02:01:17.347725,2023-01-18 02:01:17.347725,新北市土城區延安街65號,Shipped
LIS-96202-702,72028-63343-SU,D002,2023-10-01 02:01:17.347725,2023-10-02 02:01:17.347725,台中市豐原區豐原大道四段251號,Shipped
VIO-27668-766,10074-20104-NN,D004,2023-04-09 02:01:17.347725,2023-04-10 02:01:17.347725,台北市大安區忠孝東路四段95號,Shipped
ZVG-20473-043,71769-10219-IM,D001,2024-03-31 02:01:17.347725,2024-04-02 02:01:17.347725,台南市仁德區德洋路155巷14號,Shipped
KGZ-56395-231,22221-71106-JD,D004,2025-03-31 02:01:17.347725,2025-04-01 02:01:17.347725,南投縣草屯鎮敦和路180號,Shipped
CUU-92244-729,99735-44927-OL,D005,2023-11-04 02:01:17.347725,2023-11-06 02:01:17.347725,高雄市楠梓區海專路155巷19號,Shipped
EHE-94714-312,27132-68907-RC,D005,2024-10-21 02:01:17.347725,2024-10-24 02:01:17.347725,宜蘭縣五結鄉中興路三段136號,Shipped
RTL-16205-161,90440-62727-HI,D004,2025-07-29 02:01:17.347725,2025-07-31 02:01:17.347725,彰化縣福興鄉彰水路133號,Shipped
GTS-22482-014,36769-16558-SX,D002,2025-07-17 02:01:17.347725,2025-07-19 02:01:17.347725,台南市南區新建路115巷20號,Shipped
DYG-25473-881,10138-31681-SD,D001,2023-06-03 02:01:17.347725,2023-06-05 02:01:17.347725,台中市西屯區逢大路9號,Shipped
HTR-21838-286,24669-76297-SF,D002,2025-06-06 02:01:17.347725,2025-06-09 02:01:17.347725,台南市善化區環東路二段161巷3號,Shipped
KYG-28296-920,78050-20355-DI,D001,2023-10-26 02:01:17.347725,2023-10-29 02:01:17.347725,新竹市北區武陵路298號,Shipped
NNB-20459-430,79825-17822-UH,D001,2025-11-17 02:01:17.347725,2025-11-20 02:01:17.347725,新北市板橋區金門街101巷15號,Shipped
FEK-14025-351,03990-21586-MQ,D005,2024-07-12 02:01:17.347725,2024-07-14 02:01:17.347725,台中市西屯區台灣大道四段165號,Shipped
AWH-16980-469,27493-46921-TZ,D001,2023-09-04 02:01:17.347725,2023-09-07 02:01:17.347725,台北市中山區合江街231號,Shipped
ZPW-31329-741,27132-68907-RC,D004,2022-10-01 02:01:17.347725,2022-10-03 02:01:17.347725,宜蘭縣五結鄉中興路三段136號,Shipped
UBI-83843-396,58816-74064-TF,D002,2023-02-01 02:01:17.347725,2023-02-04 02:01:17.347725,高雄市三民區大中一路31巷9號,Shipped
VID-40587-569,09818-59895-EH,D001,2024-06-15 02:01:17.347725,2024-06-17 02:01:17.347725,台中市南屯區東興路二段38巷22號1樓,Shipped
KBB-52530-416,06488-46303-IZ,D002,2023-03-16 02:01:17.347725,2023-03-18 02:01:17.347725,新北市三芝區淡金路一段166巷25號4樓,Shipped
ISJ-48676-420,93046-67561-AY,D003,2025-02-02 02:01:17.347725,2025-02-03 02:01:17.347725,彰化縣二林鎮里斗苑路四段64號,Shipped
MIF-17920-768,68946-40750-LK,D003,2024-11-28 02:01:17.347725,2024-11-30 02:01:17.347725,桃園市桃園區建新街75號,Shipped
CPX-19312-088,38387-64959-WW,D003,2023-11-24 02:01:17.347725,2023-11-25 02:01:17.347725,台北市大同區民生西路21號,Shipped
RXI-67978-260,48418-60841-CC,D003,2024-01-13 02:01:17.347725,2024-01-15 02:01:17.347725,南投縣南投市南崗二路142巷19號2樓,Shipped
LKE-14821-285,13736-92418-JS,D003,2023-08-27 02:01:17.347725,2023-08-29 02:01:17.347725,嘉義縣民雄鄉大學路一段51巷22號4樓,Shipped
LRK-97117-150,33000-22405-LO,D005,2022-10-31 02:01:17.347725,2022-11-02 02:01:17.347725,台北市大同區南京西路143巷13號,Shipped
IGK-51227-573,46959-60474-LT,D004,2023-02-18 02:01:17.347725,2023-02-19 02:01:17.347725,宜蘭縣宜蘭市延平路192巷2號,Shipped
ZAY-43009-775,73431-39823-UP,D002,2024-01-21 02:01:17.347725,2024-01-23 02:01:17.347725,屏東縣九如鄉東寧路124號,Shipped
EMA-63190-618,90993-98984-JK,D002,2025-06-23 02:01:17.347725,2025-06-26 02:01:17.347725,新竹縣竹北市自強南路146號,Shipped
FBI-35855-418,06552-04430-AG,D003,2024-01-10 02:01:17.347725,2024-01-13 02:01:17.347725,基隆市七堵區明德一路77號,Shipped
TXB-80533-417,54597-57004-QM,D002,2024-02-21 02:01:17.347725,2024-02-24 02:01:17.347725,桃園市桃園區大豐路23巷17號,Shipped
MBM-00112-248,50238-24377-ZS,D005,2022-12-26 02:01:17.347725,2022-12-28 02:01:17.347725,台中市北屯區景賢路112巷26號7樓,Shipped
EUO-69145-988,60370-41934-IF,D001,2024-12-23 02:01:17.347725,2024-12-26 02:01:17.347725,高雄市楠梓區楠陽路7號,Shipped
GYA-80327-368,06899-54551-EH,D002,2024-09-27 02:01:17.347725,2024-09-29 02:01:17.347725,台北市內湖區金湖路197巷12號1樓,Shipped
TNW-41601-420,66458-91190-YC,D002,2024-03-19 02:01:17.347725,2024-03-21 02:01:17.347725,新北市新店區德正街116巷8號,Shipped
ALR-62963-723,80463-43913-WZ,D001,2023-10-15 02:01:17.347725,2023-10-18 02:01:17.347725,新北市烏來區烏來街277號,Shipped
JIG-27636-870,67204-04870-LG,D005,2023-11-06 02:01:17.347725,2023-11-09 02:01:17.347725,新北市樹林區後站街61號,Shipped
CTE-31437-326,22721-63196-UJ,D003,2022-04-27 02:01:17.347725,2022-04-28 02:01:17.347725,高雄市仁武區鳳仁路24號,Shipped
SLD-63003-334,55515-37571-RS,D002,2025-06-12 02:01:17.347725,2025-06-13 02:01:17.347725,新北市樹林區潭興街119號,Shipped
BXN-64230-789,25598-77476-CB,D002,2024-04-13 02:01:17.347725,2024-04-14 02:01:17.347725,新北市新莊區豐年街193號,Shipped
XEE-37895-169,14888-85625-TM,D005,2022-06-15 02:01:17.347725,2022-06-18 02:01:17.347725,彰化縣花壇鄉彰員路二段139巷3號1樓,Shipped
ZTX-80764-911,92793-68332-NR,D004,2024-05-09 02:01:17.347725,2024-05-11 02:01:17.347725,新北市樹林區後站街61號,Shipped
WVT-88135-549,66458-91190-YC,D002,2023-03-11 02:01:17.347725,2023-03-12 02:01:17.347725,新北市新店區德正街116巷8號,Shipped
IPA-94170-889,64439-27325-LG,D003,2023-03-29 02:01:17.347725,2023-03-31 02:01:17.347725,台北市大安區敦化南路一段173巷19號,Shipped
YQL-63755-365,78570-76770-LB,D001,2023-11-24 02:01:17.347725,2023-11-26 02:01:17.347725,台中市西屯區福安路152號,Shipped
RKW-81145-984,98661-69719-VI,D001,2022-07-04 02:01:17.347725,2022-07-05 02:01:17.347725,桃園市龜山區文化一路7巷15號,Shipped
MBT-23379-866,82990-92703-IX,D005,2025-09-02 02:01:17.347725,2025-09-03 02:01:17.347725,台中市沙鹿區南斗路195巷13號,Shipped
GEJ-39834-935,49412-86877-VY,D002,2025-04-19 02:01:17.347725,2025-04-22 02:01:17.347725,屏東縣恆春鎮省北路160號,Shipped
KRW-91640-596,70879-00984-FJ,D004,2025-08-15 02:01:17.347725,2025-08-16 02:01:17.347725,南投縣草屯鎮新豐路298號,Shipped
AOT-70449-651,53414-73391-CR,D005,2025-10-04 02:01:17.347725,2025-10-05 02:01:17.347725,桃園市楊梅區自立街41巷15號,Shipped
DGC-21813-731,43606-83072-OA,D002,2025-08-20 02:01:17.347725,2025-08-22 02:01:17.347725,高雄市鳳山區鳳北路121號,Shipped
JBE-92943-643,84466-22864-CE,D001,2024-04-23 02:01:17.347725,2024-04-24 02:01:17.347725,台中市沙鹿區沙田路78巷16號,Shipped
ZIL-34948-499,66458-91190-YC,D003,2023-11-07 02:01:17.347725,2023-11-09 02:01:17.347725,新北市新店區德正街116巷8號,Shipped
JSU-23781-256,76499-89100-JQ,D001,2024-12-31 02:01:17.347725,2025-01-02 02:01:17.347725,台中市南屯區大墩十一街46巷5號,Shipped
VPX-44956-367,39582-35773-ZJ,D002,2022-10-02 02:01:17.347725,2022-10-05 02:01:17.347725,新竹市香山區富群街194號,Shipped
VTB-46451-959,66240-46962-IO,D002,2024-02-18 02:01:17.347725,2024-02-21 02:01:17.347725,台南市南區健康路二段179巷7號6樓,Shipped
DNZ-11665-950,10637-45522-ID,D003,2024-06-23 02:01:17.347725,2024-06-24 02:01:17.347725,嘉義市西區南京路259號,Shipped
ITR-54735-364,92599-58687-CS,D005,2023-11-19 02:01:17.347725,2023-11-21 02:01:17.347725,台中市東勢區石城街2巷17號5樓,Shipped
YDS-02797-307,06058-48844-PI,D002,2025-09-28 02:01:17.347725,2025-09-29 02:01:17.347725,桃園市蘆竹區南崁路二段27巷3號,Shipped
BPG-68988-842,53631-24432-SY,D001,2022-06-16 02:01:17.347725,2022-06-19 02:01:17.347725,屏東縣萬丹鄉萬丹路三段178巷16號,Shipped
XZG-51938-658,18275-73980-KL,D001,2023-07-30 02:01:17.347725,2023-08-01 02:01:17.347725,台南市北區海安路三段173巷28號1樓,Shipped
KAR-24978-271,23187-65750-HZ,D001,2022-05-05 02:01:17.347725,2022-05-07 02:01:17.347725,嘉義市東區啟明路150巷20號4樓,Shipped
FQK-28730-361,22725-79522-GP,D001,2025-08-05 02:01:17.347725,2025-08-07 02:01:17.347725,新北市三重區文化南路64巷15號,Shipped
BGB-67996-089,06279-72603-JE,D004,2025-05-25 02:01:17.347725,2025-05-28 02:01:17.347725,新北市板橋區金門街101巷15號,Shipped
XMC-20620-809,83543-79246-ON,D002,2024-09-06 02:01:17.347725,2024-09-07 02:01:17.347725,台北市信義區虎林街165號,Shipped
ZSO-58292-191,66794-66795-VW,D001,2025-10-05 02:01:17.347725,2025-10-08 02:01:17.347725,新竹市北區育英路61號,Shipped
LWJ-06793-303,95424-67020-AP,D002,2025-04-27 02:01:17.347725,2025-04-28 02:01:17.347725,苗栗縣後龍鎮造豐路89巷22號,Shipped
FLM-82229-989,73017-69644-MS,D004,2025-05-19 02:01:17.347725,2025-05-20 02:01:17.347725,桃園市平鎮區振興西路34號,Shipped
CPV-90280-133,66458-91190-YC,D004,2022-07-13 02:01:17.347725,2022-07-15 02:01:17.347725,新北市新店區德正街116巷8號,Shipped
OGW-60685-912,67423-10113-LM,D001,2024-03-16 02:01:17.347725,2024-03-19 02:01:17.347725,高雄市鳳山區三誠路84號,Shipped
DEC-11160-362,48582-05061-RY,D001,2025-02-05 02:01:17.347725,2025-02-08 02:01:17.347725,新北市汐止區福德一路5巷3號,Shipped
WCT-07869-499,32031-49093-KE,D002,2025-02-11 02:01:17.347725,2025-02-14 02:01:17.347725,彰化縣和美鎮線東路三段73巷21號,Shipped
FHD-89872-325,31715-98714-OO,D005,2022-08-22 02:01:17.347725,2022-08-25 02:01:17.347725,台南市中西區府前路二段202號,Shipped
AZF-45991-584,73759-17258-KA,D002,2023-02-04 02:01:17.347725,2023-02-05 02:01:17.347725,新北市樹林區中山路三段8號,Shipped
MDG-14481-513,64897-79178-MH,D001,2024-09-11 02:01:17.347725,2024-09-14 02:01:17.347725,新北市淡水區清水街28巷24號,Shipped
OFN-49424-848,73346-85564-JB,D002,2024-10-26 02:01:17.347725,2024-10-27 02:01:17.347725,新北市板橋區信義路291號,Shipped
NFA-03411-746,07476-13102-NJ,D005,2023-06-03 02:01:17.347725,2023-06-04 02:01:17.347725,基隆市安樂區麥金路154號,Shipped
CYM-74988-450,87223-37422-SK,D004,2024-02-09 02:01:17.347725,2024-02-11 02:01:17.347725,桃園市新屋區中華南路二段57巷23號2樓,Shipped
WTV-24996-658,57837-15577-YK,D003,2024-02-16 02:01:17.347725,2024-02-19 02:01:17.347725,嘉義市西區興雅路72號,Shipped
DSL-69915-544,10142-55267-YO,D004,2024-07-03 02:01:17.347725,2024-07-04 02:01:17.347725,彰化縣福興鄉彰水路133號,Shipped
NBT-35757-542,73647-66148-VM,D004,2024-10-30 02:01:17.347725,2024-10-31 02:01:17.347725,高雄市前鎮區翠亨北路195號,Shipped
OYU-25085-528,10142-55267-YO,D003,2024-05-31 02:01:17.347725,2024-06-02 02:01:17.347725,彰化縣福興鄉彰水路133號,Shipped
XCG-07109-195,92976-19453-DT,D005,2024-04-05 02:01:17.347725,2024-04-06 02:01:17.347725,嘉義市東區啟明路101巷12號,Shipped
YZA-25234-630,89757-51438-HX,D002,2025-09-05 02:01:17.347725,2025-09-07 02:01:17.347725,新北市三重區重陽路三段169號,Shipped
OKU-29966-417,76192-13390-HZ,D002,2023-02-15 02:01:17.347725,2023-02-16 02:01:17.347725,基隆市安樂區麥金路158號,Shipped
MEX-29350-659,02009-87294-SY,D005,2024-01-05 02:01:17.347725,2024-01-06 02:01:17.347725,新北市板橋區龍泉街40號,Shipped
NOY-99738-977,82872-34456-LJ,D002,2023-01-22 02:01:17.347725,2023-01-25 02:01:17.347725,新竹縣芎林鄉五和街98號,Shipped
TCR-01064-030,13181-04387-LI,D001,2024-06-26 02:01:17.347725,2024-06-28 02:01:17.347725,桃園市蘆竹區仁愛路三段153巷6號2樓,Shipped
YUL-42750-776,24845-36117-TI,D002,2025-03-18 02:01:17.347725,2025-03-19 02:01:17.347725,南投縣埔里鎮西安路一段100巷21號,Shipped
XQJ-86887-506,66458-91190-YC,D004,2025-03-01 02:01:17.347725,2025-03-02 02:01:17.347725,新北市新店區德正街116巷8號,Shipped
CUN-90044-279,86646-65810-TD,D002,2024-05-24 02:01:17.347725,2024-05-27 02:01:17.347725,新北市永和區得和路63號,Shipped
ICC-73030-502,59480-02795-IU,D005,2025-08-09 02:01:17.347725,2025-08-12 02:01:17.347725,基隆市安樂區武聖街4巷6號,Shipped
ADP-04506-084,61809-87758-LJ,D005,2024-11-16 02:01:17.347725,2024-11-18 02:01:17.347725,台北市中山區民權西路142巷7號,Shipped
PNU-22150-408,77408-43873-RS,D002,2022-12-04 02:01:17.347725,2022-12-07 02:01:17.347725,宜蘭縣南澳鄉蘇花路三段90巷3號,Shipped
VSQ-07182-513,18366-65239-WF,D004,2022-11-15 02:01:17.347725,2022-11-17 02:01:17.347725,桃園市蘆竹區大竹路100號,Shipped
SPF-31673-217,19485-98072-PS,D005,2023-10-03 02:01:17.347725,2023-10-06 02:01:17.347725,台北市萬華區和平西路三段177號,Shipped
NEX-63825-598,72072-33025-SD,D005,2023-06-17 02:01:17.347725,2023-06-19 02:01:17.347725,新竹縣竹北市莊敬六街48巷16號,Shipped
XPG-66112-335,58118-22461-GC,D005,2023-11-12 02:01:17.347725,2023-11-14 02:01:17.347725,台中市大甲區蔣公路57號,Shipped
NSQ-72210-345,90940-63327-DJ,D004,2025-01-13 02:01:17.347725,2025-01-14 02:01:17.347725,新北市板橋區四川路一段295號,Shipped
XRR-28376-277,64481-42546-II,D005,2024-08-25 02:01:17.347725,2024-08-28 02:01:17.347725,台南市東區榮譽街181號,Shipped
WHQ-25197-475,27536-28463-NJ,D005,2025-03-21 02:01:17.347725,2025-03-24 02:01:17.347725,台北市中正區汀州路二段267號,Shipped
HMB-30634-745,19485-98072-PS,D001,2023-06-13 02:01:17.347725,2023-06-14 02:01:17.347725,台北市萬華區和平西路三段177號,Shipped
XTL-68000-371,70140-82812-KD,D005,2023-08-01 02:01:17.347725,2023-08-04 02:01:17.347725,台北市中山區農安街227號,Shipped
YES-51109-625,91895-55605-LS,D005,2025-05-26 02:01:17.347725,2025-05-27 02:01:17.347725,台北市萬華區和平西路三段32號,Shipped
EAY-89850-211,43155-71724-XP,D001,2022-06-14 02:01:17.347725,2022-06-17 02:01:17.347725,彰化縣花壇鄉彰員路二段139巷3號1樓,Shipped
IOQ-84840-827,32038-81174-JF,D003,2023-03-07 02:01:17.347725,2023-03-08 02:01:17.347725,新竹市東區立鵬路218號,Shipped
FBD-56220-430,59205-20324-NB,D004,2025-09-08 02:01:17.347725,2025-09-10 02:01:17.347725,台北市大安區金華街155巷10號,Shipped
COV-52659-202,99899-54612-NX,D003,2024-06-07 02:01:17.347725,2024-06-09 02:01:17.347725,彰化縣彰化市彰馬路178號,Shipped
YUO-76652-814,26248-84194-FI,D005,2024-07-28 02:01:17.347725,2024-07-31 02:01:17.347725,台北市信義區虎林街165號,Shipped
PBT-36926-102,19485-98072-PS,D005,2024-11-25 02:01:17.347725,2024-11-28 02:01:17.347725,台北市萬華區和平西路三段177號,Shipped
BLV-60087-454,84493-71314-WX,D005,2025-10-01 02:01:17.347725,2025-10-02 02:01:17.347725,高雄市鳳山區自強二路131號,Shipped
QYC-63914-195,39789-43945-IV,D003,2023-09-07 02:01:17.347725,2023-09-09 02:01:17.347725,台南市南區喜樹路124巷22號,Shipped
OIB-77163-890,38972-89678-ZM,D002,2024-04-19 02:01:17.347725,2024-04-20 02:01:17.347725,桃園市龍潭區神龍路211號,Shipped
SGS-87525-238,91465-84526-IJ,D003,2024-10-28 02:01:17.347725,2024-10-31 02:01:17.347725,基隆市仁愛區仁三路7巷16號,Shipped
GQR-12490-152,22832-98538-RB,D005,2022-07-07 02:01:17.347725,2022-07-09 02:01:17.347725,屏東縣九如鄉東寧路124號,Shipped
UOJ-28238-299,30844-91890-ZA,D005,2024-06-30 02:01:17.347725,2024-07-01 02:01:17.347725,高雄市仁武區仁林路106號,Shipped
ETD-58130-674,05325-97750-WP,D003,2025-02-28 02:01:17.347725,2025-03-02 02:01:17.347725,花蓮縣新城鄉北埔路195號,Shipped
UPF-60123-025,88992-49081-AT,D004,2023-06-01 02:01:17.347725,2023-06-03 02:01:17.347725,雲林縣台西鄉崙豐路283號,Shipped
NQS-01613-687,10204-31464-SA,D004,2024-07-05 02:01:17.347725,2024-07-07 02:01:17.347725,台中市南屯區惠文路99巷18號,Shipped
MGH-36050-573,75156-80911-YT,D002,2023-11-27 02:01:17.347725,2023-11-29 02:01:17.347725,基隆市七堵區明德一路137巷24號4樓,Shipped
UVF-59322-459,53971-49906-PZ,D004,2022-11-17 02:01:17.347725,2022-11-18 02:01:17.347725,宜蘭縣蘇澳鎮蘇港路112巷13號,Shipped
VET-41158-896,10728-17633-ST,D004,2023-08-23 02:01:17.347725,2023-08-24 02:01:17.347725,新北市板橋區文化路一段24巷20號,Shipped
XYL-52196-459,13549-65017-VE,D001,2022-08-25 02:01:17.347725,2022-08-28 02:01:17.347725,高雄市三民區鼎山街199號,Shipped
BPZ-51283-916,87688-42420-TO,D004,2024-12-22 02:01:17.347725,2024-12-24 02:01:17.347725,台北市士林區大東路93巷24號,Shipped
VQW-91903-926,05325-97750-WP,D001,2023-07-07 02:01:17.347725,2023-07-09 02:01:17.347725,花蓮縣新城鄉北埔路195號,Shipped
OLF-77983-457,51901-35210-UI,D002,2022-06-11 02:01:17.347725,2022-06-12 02:01:17.347725,高雄市鳳山區鳳頂路141巷16號,Shipped
MVI-04946-827,62483-50867-OM,D002,2025-03-22 02:01:17.347725,2025-03-23 02:01:17.347725,台中市西區向上路一段168號,Shipped
UOG-94188-104,92753-50029-SD,D002,2025-03-18 02:01:17.347725,2025-03-19 02:01:17.347725,新北市新店區永業路81巷13號1樓,Shipped
DSN-15872-519,53809-98498-SN,D003,2025-03-27 02:01:17.347725,2025-03-30 02:01:17.347725,新北市鶯歌區尖山路63巷22號,Shipped
OUQ-73954-002,66308-13503-KD,D003,2022-05-01 02:01:17.347725,2022-05-02 02:01:17.347725,桃園市平鎮區振興西路34號,Shipped
LGL-16843-667,82458-87830-JE,D002,2024-08-28 02:01:17.347725,2024-08-29 02:01:17.347725,新北市三重區重陽路二段129巷15號3樓,Shipped
TCC-89722-031,41611-34336-WT,D001,2025-02-15 02:01:17.347725,2025-02-16 02:01:17.347725,台北市內湖區安泰街51巷16號,Shipped
TRA-79507-007,70089-27418-UJ,D003,2023-04-10 02:01:17.347725,2023-04-12 02:01:17.347725,高雄市旗津區廟前路179號,Shipped
MZJ-77284-941,99978-56910-BN,D002,2022-09-10 02:01:17.347725,2022-09-12 02:01:17.347725,台中市南區工學路18巷8號4樓,Shipped
AXN-57779-891,09668-23340-IC,D001,2022-11-06 02:01:17.347725,2022-11-07 02:01:17.347725,桃園市楊梅區環東路160巷8號,Shipped
PJB-15659-994,39457-62611-YK,D002,2024-03-08 02:01:17.347725,2024-03-09 02:01:17.347725,新竹縣竹北市嘉豐五路二段153號,Shipped
LTS-03470-353,90985-89807-RW,D003,2023-11-09 02:01:17.347725,2023-11-11 02:01:17.347725,新北市淡水區北新路55巷19號,Shipped
UMM-28497-689,05325-97750-WP,D005,2024-02-27 02:01:17.347725,2024-02-29 02:01:17.347725,花蓮縣新城鄉北埔路195號,Shipped
MJZ-93232-402,17816-67941-ZS,D001,2025-07-13 02:01:17.347725,2025-07-14 02:01:17.347725,桃園市蘆竹區南華一街163巷27號,Shipped
UHW-74617-126,90816-65619-LM,D005,2025-06-11 02:01:17.347725,2025-06-12 02:01:17.347725,台北市大安區忠孝東路四段95號,Shipped
RIK-61730-794,69761-61146-KD,D002,2024-03-07 02:01:17.347725,2024-03-09 02:01:17.347725,宜蘭縣員山鄉內城路265號,Shipped
IDJ-55379-750,24040-20817-QB,D003,2023-01-28 02:01:17.347725,2023-01-29 02:01:17.347725,高雄市小港區廈莊一街133巷22號3樓,Shipped
OHX-11953-965,19524-21432-XP,D002,2023-01-24 02:01:17.347725,2023-01-26 02:01:17.347725,南投縣名間鄉松嶺街169號,Shipped
TVV-42245-088,14398-43114-RV,D001,2023-06-30 02:01:17.347725,2023-07-03 02:01:17.347725,新北市淡水區鄧公路176巷9號,Shipped
DYP-74337-787,41486-52502-QQ,D001,2023-02-15 02:01:17.347725,2023-02-17 02:01:17.347725,新竹縣新豐鄉康樂路一段195巷14號3樓,Shipped
OKA-93124-100,05325-97750-WP,D005,2023-08-17 02:01:17.347725,2023-08-19 02:01:17.347725,花蓮縣新城鄉北埔路195號,Shipped
IXW-20780-268,20236-64364-QL,D004,2023-10-18 02:01:17.347725,2023-10-20 02:01:17.347725,新北市新店區69巷11號,Shipped
NGG-24006-937,29102-40100-TZ,D001,2024-07-09 02:01:17.347725,2024-07-12 02:01:17.347725,台北市南港區忠孝東路六段249號,Shipped
JZC-31180-557,09171-42203-EB,D005,2023-08-01 02:01:17.347725,2023-08-04 02:01:17.347725,桃園市大園區華興路263號,Shipped
ZMU-63715-204,29060-75856-UI,D002,2025-01-23 02:01:17.347725,2025-01-25 02:01:17.347725,台北市大安區光復南路253號,Shipped
GND-08192-056,17088-16989-PL,D004,2025-08-24 02:01:17.347725,2025-08-25 02:01:17.347725,新北市板橋區新生街135號,Shipped
RYY-38961-093,14756-18321-CL,D004,2024-05-16 02:01:17.347725,2024-05-18 02:01:17.347725,新竹縣竹北市莊敬七街32號,Shipped
CVA-64996-969,13324-78688-MI,D001,2023-10-18 02:01:17.347725,2023-10-19 02:01:17.347725,台中市太平區樹德路188巷2號,Shipped
XTH-67276-442,73799-04749-BM,D003,2022-06-26 02:01:17.347725,2022-06-28 02:01:17.347725,新北市淡水區真理街167號,Shipped
PVU-02950-470,01927-46702-YT,D003,2024-05-23 02:01:17.347725,2024-05-25 02:01:17.347725,桃園市蘆竹區南崁路二段27巷3號,Shipped
XSN-26809-910,80467-17137-TO,D001,2023-10-22 02:01:17.347725,2023-10-23 02:01:17.347725,苗栗縣頭份市大營路40巷23號7樓,Shipped
UDN-88321-005,14640-87215-BK,D004,2023-10-29 02:01:17.347725,2023-10-30 02:01:17.347725,台北市文山區木柵路二段89號,Shipped
EXP-21628-670,94447-35885-HK,D004,2022-06-25 02:01:17.347725,2022-06-28 02:01:17.347725,桃園市楊梅區瑞溪路二段287號,Shipped
VGM-24161-361,71034-49694-CS,D003,2025-08-24 02:01:17.347725,2025-08-25 02:01:17.347725,台北市中正區杭州南路一段83巷1號,Shipped
PKN-19556-918,00445-42781-KX,D002,2025-08-22 02:01:17.347725,2025-08-23 02:01:17.347725,南投縣草屯鎮太平路一段19巷11號6樓,Shipped
DXQ-44537-297,96116-24737-LV,D003,2023-11-30 02:01:17.347725,2023-12-03 02:01:17.347725,新北市三重區捷運路93號,Shipped
BPC-54727-307,18684-73088-YL,D005,2023-04-15 02:01:17.347725,2023-04-18 02:01:17.347725,新北市中和區中板路114號,Shipped
KSH-47717-456,74671-55639-TU,D001,2023-08-13 02:01:17.347725,2023-08-14 02:01:17.347725,桃園市平鎮區關爺西路177巷12號,Shipped
ANK-59436-446,17488-65879-XL,D003,2025-05-12 02:01:17.347725,2025-05-13 02:01:17.347725,屏東縣里港鄉永樂路153巷13號,Shipped
AYY-83051-752,46431-09298-OU,D002,2022-05-17 02:01:17.347725,2022-05-18 02:01:17.347725,桃園市桃園區正康三街20號,Shipped
CSW-59644-267,60378-26473-FE,D005,2023-06-23 02:01:17.347725,2023-06-25 02:01:17.347725,新北市板橋區雙十路三段198巷25號,Shipped
ITY-92466-909,34927-68586-ZV,D003,2022-11-30 02:01:17.347725,2022-12-01 02:01:17.347725,新北市中和區民利街6巷7號6樓,Shipped
IGW-04801-466,29051-27555-GD,D004,2024-09-07 02:01:17.347725,2024-09-10 02:01:17.347725,新竹縣寶山鄉創新一路81巷20號,Shipped
LJN-34281-921,52143-35672-JF,D001,2025-04-11 02:01:17.347725,2025-04-13 02:01:17.347725,彰化縣彰化市公園路一段287號,Shipped
BWZ-46364-547,64918-67725-MN,D005,2025-01-02 02:01:17.347725,2025-01-04 02:01:17.347725,台北市南港區福德街72巷27號4樓,Shipped
SBC-95710-706,85634-61759-ND,D003,2023-06-14 02:01:17.347725,2023-06-15 02:01:17.347725,台北市大安區臨江街12號,Shipped
WRN-55114-031,40180-22940-QB,D001,2023-10-23 02:01:17.347725,2023-10-24 02:01:17.347725,宜蘭縣宜蘭市民族路149號,Shipped
TZU-64255-831,34666-76738-SQ,D005,2025-09-05 02:01:17.347725,2025-09-06 02:01:17.347725,新北市中和區保健路227號,Shipped
JVF-91003-729,98536-88616-FF,D002,2024-01-26 02:01:17.347725,2024-01-28 02:01:17.347725,宜蘭縣蘇澳鎮蘇花路二段85巷15號,Shipped
MVB-22135-665,55621-06130-SA,D002,2025-03-27 02:01:17.347725,2025-03-28 02:01:17.347725,新北市新莊區福美街71號,Shipped
CKS-47815-571,45666-86771-EH,D005,2025-02-25 02:01:17.347725,2025-02-26 02:01:17.347725,新北市三峽區二鬮路68巷14號,Shipped
OAW-17338-101,52143-35672-JF,D002,2023-06-18 02:01:17.347725,2023-06-21 02:01:17.347725,彰化縣彰化市公園路一段287號,Shipped
ALP-37623-536,24689-69376-XX,D003,2023-10-27 02:01:17.347725,2023-10-28 02:01:17.347725,新北市林口區66號,Shipped
WMU-87639-108,71891-51101-VQ,D004,2022-06-06 02:01:17.347725,2022-06-09 02:01:17.347725,台中市潭子區興華一路78巷25號,Shipped
USN-44968-231,71749-05400-CN,D003,2024-01-04 02:01:17.347725,2024-01-06 02:01:17.347725,台北市信義區忠孝東路五段53號,Shipped
YZG-20575-451,64845-00270-NO,D001,2023-06-26 02:01:17.347725,2023-06-27 02:01:17.347725,台北市文山區萬美街一段78號,Shipped
HTH-52867-812,29851-36402-UX,D003,2024-10-21 02:01:17.347725,2024-10-22 02:01:17.347725,台中市南區工學路18巷8號4樓,Shipped
FWU-44971-444,12190-25421-WM,D005,2022-05-06 02:01:17.347725,2022-05-09 02:01:17.347725,台北市大安區延吉街241號,Shipped
EQI-82205-066,52316-30571-GD,D002,2023-01-13 02:01:17.347725,2023-01-14 02:01:17.347725,南投縣南投市光華十路7巷20號,Shipped
NAR-00747-074,23243-92649-RY,D002,2025-02-08 02:01:17.347725,2025-02-10 02:01:17.347725,高雄市左營區曾子路68號,Shipped
JYR-22052-185,39528-19971-OR,D002,2023-04-26 02:01:17.347725,2023-04-29 02:01:17.347725,台中市霧峰區吉峰東路131巷14號,Shipped
XKO-54097-932,32743-78448-KT,D003,2025-07-03 02:01:17.347725,2025-07-04 02:01:17.347725,新北市三峽區大學路79巷6號,Shipped
HXA-72415-025,93417-12322-YB,D002,2025-09-04 02:01:17.347725,2025-09-06 02:01:17.347725,屏東縣屏東市廣東路262號,Shipped
MJF-20065-335,56891-86662-UY,D005,2024-01-04 02:01:17.347725,2024-01-06 02:01:17.347725,台南市善化區環東路二段161巷3號,Shipped
GFI-83300-059,40414-26467-VE,D001,2025-02-08 02:01:17.347725,2025-02-09 02:01:17.347725,台中市潭子區復興路一段128號,Shipped
WJR-51493-682,87858-83734-RK,D001,2024-10-10 02:01:17.347725,2024-10-12 02:01:17.347725,新北市鶯歌區尖山路63巷22號,Shipped
SHP-55648-472,46818-20198-GB,D005,2022-07-23 02:01:17.347725,2022-07-25 02:01:17.347725,新北市金山區中山路69巷7號3樓,Shipped
HYR-03455-684,29808-89098-XD,D001,2025-04-13 02:01:17.347725,2025-04-16 02:01:17.347725,雲林縣斗六市大學路三段122號,Shipped
HUG-52766-375,78786-77449-RQ,D005,2023-09-29 02:01:17.347725,2023-09-30 02:01:17.347725,桃園市中壢區領航南路二段137巷19號,Shipped
DAH-46595-917,27878-42224-QF,D002,2025-01-05 02:01:17.347725,2025-01-08 02:01:17.347725,台北市文山區木新路二段84號,Shipped
VEM-79839-466,32743-78448-KT,D004,2025-07-09 02:01:17.347725,2025-07-12 02:01:17.347725,新北市三峽區大學路79巷6號,Shipped
OWH-11126-533,25331-13794-SB,D004,2025-04-15 02:01:17.347725,2025-04-18 02:01:17.347725,新竹縣竹北市縣政九路98號,Shipped
UMT-26130-151,55864-37682-GQ,D001,2022-09-13 02:01:17.347725,2022-09-14 02:01:17.347725,台北市信義區松德路98巷8號,Shipped
JKA-27899-806,97005-25609-CQ,D002,2025-02-18 02:01:17.347725,2025-02-20 02:01:17.347725,新北市板橋區重慶路182巷12號,Shipped
ULU-07744-724,94058-95794-IJ,D002,2023-07-20 02:01:17.347725,2023-07-23 02:01:17.347725,台北市大安區光復南路253號,Shipped
NOM-56457-507,40214-03678-GU,D003,2024-02-07 02:01:17.347725,2024-02-09 02:01:17.347725,高雄市鼓山區明倫路112巷21號,Shipped
NZN-71683-705,04921-85445-SL,D002,2025-04-07 02:01:17.347725,2025-04-08 02:01:17.347725,新北市新店區永平街149巷15號2樓,Shipped
WMA-34232-850,53386-94266-LJ,D004,2024-07-01 02:01:17.347725,2024-07-04 02:01:17.347725,高雄市仁武區水管路233號,Shipped
EZL-27919-704,49480-85909-DG,D002,2024-05-16 02:01:17.347725,2024-05-17 02:01:17.347725,台北市大安區新生南路一段21巷6號7樓,Shipped
ZYU-11345-774,18293-78136-MN,D004,2024-05-05 02:01:17.347725,2024-05-06 02:01:17.347725,彰化縣芳苑鄉上林路路上段15巷18號1樓,Shipped
CPW-34587-459,84641-67384-TD,D003,2024-07-19 02:01:17.347725,2024-07-22 02:01:17.347725,新北市三峽區民權街86號,Shipped
NQZ-82067-394,72320-29738-EB,D003,2025-07-18 02:01:17.347725,2025-07-20 02:01:17.347725,基隆市中山區中山一路124號,Shipped
JBW-95055-851,47355-97488-XS,D001,2024-11-14 02:01:17.347725,2024-11-17 02:01:17.347725,台南市北區北門路二段81號,Shipped
AHY-20324-088,63499-24884-PP,D004,2023-12-31 02:01:17.347725,2024-01-02 02:01:17.347725,新北市中和區壽德街89巷8號,Shipped
ZSL-66684-103,39193-51770-FM,D002,2023-04-22 02:01:17.347725,2023-04-23 02:01:17.347725,台南市東區民族路一段61巷19號6樓,Shipped
WNE-73911-475,61323-91967-GG,D005,2023-08-14 02:01:17.347725,2023-08-15 02:01:17.347725,台中市南區工學北路12巷2號,Shipped
EZB-68383-559,90123-01967-KS,D004,2022-06-16 02:01:17.347725,2022-06-19 02:01:17.347725,桃園市楊梅區梅高路184號,Shipped
OVO-01283-090,15958-25089-OS,D004,2025-07-10 02:01:17.347725,2025-07-11 02:01:17.347725,台中市豐原區鎌村路30巷23號5樓,Shipped
TXH-78646-919,98430-37820-UV,D002,2024-09-06 02:01:17.347725,2024-09-08 02:01:17.347725,台中市清水區高美路220號,Shipped
CYZ-37122-164,21798-04171-XC,D004,2022-05-01 02:01:17.347725,2022-05-03 02:01:17.347725,台中市北屯區部子路29巷1號6樓,Shipped
AGQ-06534-750,52798-46508-HP,D001,2022-08-17 02:01:17.347725,2022-08-19 02:01:17.347725,台東縣台東市開封街197巷9號,Shipped
QVL-32245-818,46478-42970-EM,D001,2024-09-22 02:01:17.347725,2024-09-23 02:01:17.347725,台北市萬華區貴陽街二段271號,Shipped
LTD-96842-834,00246-15080-LE,D003,2025-11-04 02:01:17.347725,2025-11-05 02:01:17.347725,台中市北屯區后庄路237號,Shipped
SEC-91807-425,94091-86957-HX,D005,2024-05-26 02:01:17.347725,2024-05-28 02:01:17.347725,新北市三重區長興街48號,Shipped
MHM-44857-599,26295-44907-DK,D002,2023-01-05 02:01:17.347725,2023-01-07 02:01:17.347725,台北市大安區忠孝東路四段95號,Shipped
KGC-95046-911,95351-96177-QV,D003,2023-10-24 02:01:17.347725,2023-10-27 02:01:17.347725,台北市大安區建國南路一段168巷17號,Shipped
RZC-75150-413,92204-96636-BS,D003,2023-07-19 02:01:17.347725,2023-07-20 02:01:17.347725,台北市大安區敦化南路二段259號,Shipped
EYH-88288-452,03010-30348-UA,D001,2024-08-07 02:01:17.347725,2024-08-10 02:01:17.347725,新竹市東區竹蓮街100巷11號,Shipped
NYQ-24237-772,13441-34686-SW,D001,2022-12-09 02:01:17.347725,2022-12-11 02:01:17.347725,台南市北區臨安路二段21號,Shipped
WKB-21680-566,96612-41722-VJ,D002,2025-04-11 02:01:17.347725,2025-04-13 02:01:17.347725,彰化縣員林市員水路一段155號,Shipped
THE-61147-027,94091-86957-HX,D002,2023-04-25 02:01:17.347725,2023-04-27 02:01:17.347725,新北市三重區長興街48號,Shipped
PTY-86420-119,25504-41681-WA,D001,2024-08-05 02:01:17.347725,2024-08-06 02:01:17.347725,台南市仁德區德洋路155巷14號,Shipped
QHL-27188-431,75443-07820-DZ,D001,2023-01-21 02:01:17.347725,2023-01-24 02:01:17.347725,新北市三重區仁義街225號,Shipped
MIS-54381-047,39276-95489-XV,D002,2025-10-08 02:01:17.347725,2025-10-11 02:01:17.347725,台中市西屯區福安路152號,Shipped
TBB-29780-459,61437-83623-PZ,D001,2022-11-07 02:01:17.347725,2022-11-10 02:01:17.347725,高雄市楠梓區後昌路137號,Shipped
QLC-52637-305,34317-87258-HQ,D004,2022-06-05 02:01:17.347725,2022-06-08 02:01:17.347725,新竹市北區育英路61號,Shipped
CWT-27056-328,18570-80998-ZS,D005,2025-09-27 02:01:17.347725,2025-09-30 02:01:17.347725,高雄市三民區察哈爾一街36號,Shipped
ASS-05878-128,66580-33745-OQ,D004,2024-02-03 02:01:17.347725,2024-02-05 02:01:17.347725,桃園市桃園區建新街75號,Shipped
EGK-03027-418,19820-29285-FD,D004,2024-09-29 02:01:17.347725,2024-10-01 02:01:17.347725,新竹市東區金山街176巷22號,Shipped
KCY-61732-849,11349-55147-SN,D002,2022-07-09 02:01:17.347725,2022-07-11 02:01:17.347725,桃園市平鎮區廣明路177巷18號,Shipped
BLI-21697-702,21141-12455-VB,D004,2023-03-30 02:01:17.347725,2023-03-31 02:01:17.347725,台北市南港區園區街175號,Shipped
KFJ-46568-890,71003-85639-HB,D005,2022-05-15 02:01:17.347725,2022-05-16 02:01:17.347725,桃園市蘆竹區開南路297號,Shipped
SOK-43535-680,58443-95866-YO,D004,2025-07-28 02:01:17.347725,2025-07-30 02:01:17.347725,新北市五股區民義路二段208號,Shipped
XUE-87260-201,89646-21249-OH,D002,2025-06-03 02:01:17.347725,2025-06-04 02:01:17.347725,台北市北投區振華街89巷22號,Shipped
CZF-40873-691,64988-20636-XQ,D004,2022-10-23 02:01:17.347725,2022-10-26 02:01:17.347725,苗栗縣頭份市大營路40巷23號7樓,Shipped
AIA-98989-755,34704-83143-KS,D005,2023-09-02 02:01:17.347725,2023-09-04 02:01:17.347725,台中市南屯區大墩路101號,Shipped
ITZ-21793-986,67388-17544-XX,D003,2024-10-04 02:01:17.347725,2024-10-07 02:01:17.347725,苗栗縣苗栗市為公路23號,Shipped
YOK-93322-608,69411-48470-ID,D005,2025-02-27 02:01:17.347725,2025-03-01 02:01:17.347725,新北市瑞芳區明燈路三段95號,Shipped
LXK-00634-611,94091-86957-HX,D003,2025-06-15 02:01:17.347725,2025-06-16 02:01:17.347725,新北市三重區長興街48號,Shipped
CQW-37388-302,97741-98924-KT,D002,2022-10-26 02:01:17.347725,2022-10-29 02:01:17.347725,台中市東勢區石城街2巷17號5樓,Shipped
SPA-79365-334,79857-78167-KO,D002,2024-09-24 02:01:17.347725,2024-09-25 02:01:17.347725,嘉義市西區世賢路二段15巷29號,Shipped
VPX-08817-517,46963-10322-ZA,D004,2024-03-10 02:01:17.347725,2024-03-11 02:01:17.347725,台北市文山區景文街72巷1號,Shipped
PBP-87115-410,93812-74772-MV,D003,2024-05-14 02:01:17.347725,2024-05-15 02:01:17.347725,台中市北區永興街152號,Shipped
SFB-93752-440,48203-23480-UB,D004,2025-02-02 02:01:17.347725,2025-02-04 02:01:17.347725,基隆市仁愛區仁三路7巷16號,Shipped
TBU-65158-068,60357-65386-RD,D004,2025-06-23 02:01:17.347725,2025-06-24 02:01:17.347725,高雄市橋頭區仕豐路74號,Shipped
TEH-08414-216,35099-13971-JI,D001,2025-01-24 02:01:17.347725,2025-01-26 02:01:17.347725,新竹縣竹北市生醫路一段183號,Shipped
MAY-77231-536,01304-59807-OB,D001,2023-12-27 02:01:17.347725,2023-12-30 02:01:17.347725,桃園市中壢區復華九街163號,Shipped
ATY-28980-884,50705-17295-NK,D005,2023-11-24 02:01:17.347725,2023-11-25 02:01:17.347725,台北市北投區明德路180巷15號,Shipped
SWP-88281-918,77657-61366-FY,D005,2025-05-05 02:01:17.347725,2025-05-08 02:01:17.347725,新北市新店區二十張路53巷14號,Shipped
VCE-56531-986,57192-13428-PL,D001,2024-07-02 02:01:17.347725,2024-07-05 02:01:17.347725,台北市北投區自強街162巷15號,Shipped
FVV-75700-005,24891-77957-LU,D002,2024-03-15 02:01:17.347725,2024-03-17 02:01:17.347725,台南市安南區本原街三段5號,Shipped
CFZ-53492-600,64896-18468-BT,D001,2025-07-07 02:01:17.347725,2025-07-09 02:01:17.347725,台中市潭子區北環路152號,Shipped
LDK-71031-121,84761-40784-SV,D001,2022-05-05 02:01:17.347725,2022-05-07 02:01:17.347725,台北市士林區雨聲街110號,Shipped
EBA-82404-343,20236-42322-CM,D003,2024-05-21 02:01:17.347725,2024-05-24 02:01:17.347725,高雄市三民區澄和路112號,Shipped
USA-42811-560,49671-11547-WG,D004,2024-08-19 02:01:17.347725,2024-08-22 02:01:17.347725,新北市板橋區裕民街48號,Shipped
SNL-83703-516,57976-33535-WK,D002,2025-04-29 02:01:17.347725,2025-04-30 02:01:17.347725,嘉義縣民雄鄉大學路一段51巷22號4樓,Shipped
SUZ-83036-175,55915-19477-MK,D004,2022-12-13 02:01:17.347725,2022-12-14 02:01:17.347725,台北市大同區民生西路21號,Shipped
RGM-01187-513,28121-11641-UA,D004,2025-11-07 02:01:17.347725,2025-11-10 02:01:17.347725,台中市神岡區大洲路141巷21號,Shipped
CZG-01299-952,09540-70637-EV,D002,2022-06-07 02:01:17.347725,2022-06-08 02:01:17.347725,桃園市桃園區大豐路23巷17號,Shipped
KLD-88731-484,17775-77072-PP,D003,2025-01-01 02:01:17.347725,2025-01-04 02:01:17.347725,雲林縣斗六市保長路187巷4號,Shipped
BQK-38412-229,90392-73338-BC,D001,2023-04-07 02:01:17.347725,2023-04-10 02:01:17.347725,高雄市新興區民族二路124號,Shipped
TCX-76953-071,94091-86957-HX,D003,2024-12-18 02:01:17.347725,2024-12-19 02:01:17.347725,新北市三重區長興街48號,Shipped
LIN-88046-551,10725-45724-CO,D002,2025-07-16 02:01:17.347725,2025-07-19 02:01:17.347725,宜蘭縣南澳鄉蘇花路三段90巷3號,Shipped
PMV-54491-220,87242-18006-IR,D003,2022-08-04 02:01:17.347725,2022-08-06 02:01:17.347725,苗栗縣頭份市大營路134號,Shipped
SKA-73676-005,36572-91896-PP,D003,2024-02-22 02:01:17.347725,2024-02-23 02:01:17.347725,宜蘭縣礁溪鄉健康路28號,Shipped
TKH-62197-239,25181-97933-UX,D001,2023-11-23 02:01:17.347725,2023-11-26 02:01:17.347725,高雄市前鎮區翠亨北路195號,Shipped
YXF-57218-272,55374-03175-IA,D005,2022-07-08 02:01:17.347725,2022-07-10 02:01:17.347725,宜蘭縣員山鄉內城路129巷4號,Shipped
PKJ-30083-501,76948-43532-JS,D003,2025-04-21 02:01:17.347725,2025-04-23 02:01:17.347725,南投縣南投市學藝路38巷24號1樓,Shipped
WTT-91832-645,24344-88599-PP,D005,2023-01-26 02:01:17.347725,2023-01-29 02:01:17.347725,台中市太平區永成北路138號,Shipped
TRZ-94735-865,54462-58311-YF,D002,2022-05-31 02:01:17.347725,2022-06-02 02:01:17.347725,新北市中和區永和路166巷1號7樓,Shipped
UDB-09651-780,90767-92589-LV,D004,2023-12-25 02:01:17.347725,2023-12-26 02:01:17.347725,彰化縣田中鎮中州路一段46巷19號,Shipped
EHJ-82097-549,27517-43747-YD,D002,2024-05-08 02:01:17.347725,2024-05-10 02:01:17.347725,高雄市大寮區新厝路37號,Shipped
ZFR-79447-696,77828-66867-KH,D003,2024-07-15 02:01:17.347725,2024-07-16 02:01:17.347725,台中市西屯區至善路162巷25號,Shipped
NUU-03893-975,41054-59693-XE,D001,2023-05-12 02:01:17.347725,2023-05-14 02:01:17.347725,新北市淡水區清水街28巷24號,Shipped
GVG-59542-307,26314-66792-VP,D002,2022-10-25 02:01:17.347725,2022-10-27 02:01:17.347725,高雄市三民區鼎山街199號,Shipped
YLY-35287-172,69410-04668-MA,D004,2025-09-15 02:01:17.347725,2025-09-16 02:01:17.347725,台北市北投區中央南路二段106號,Shipped
DCI-96254-548,94091-86957-HX,D002,2025-10-07 02:01:17.347725,2025-10-10 02:01:17.347725,新北市三重區長興街48號,Shipped
KHZ-26264-253,24972-55878-KX,D003,2024-11-12 02:01:17.347725,2024-11-13 02:01:17.347725,桃園市龜山區文化一路7巷15號,Shipped
AAQ-13644-699,46296-42617-OQ,D002,2025-09-26 02:01:17.347725,2025-09-29 02:01:17.347725,新北市新店區新店路196巷21號,Shipped
LWL-68108-794,44494-89923-UW,D003,2023-09-19 02:01:17.347725,2023-09-21 02:01:17.347725,基隆市仁愛區仁二路272號,Shipped
JQT-14347-517,11621-09964-ID,D005,2022-11-18 02:01:17.347725,2022-11-19 02:01:17.347725,宜蘭縣宜蘭市陽明二路115號,Shipped
BMM-86471-923,76319-80715-II,D004,2024-02-15 02:01:17.347725,2024-02-16 02:01:17.347725,屏東縣恆春鎮省北路166巷11號1樓,Shipped
IXU-67272-326,91654-79216-IC,D004,2024-04-18 02:01:17.347725,2024-04-21 02:01:17.347725,台南市永康區東橋一路157號,Shipped
ITE-28312-615,56450-21890-HK,D005,2022-12-30 02:01:17.347725,2023-01-01 02:01:17.347725,新北市三重區忠孝路三段156巷19號,Shipped
ZHQ-30471-635,40600-58915-WZ,D005,2022-08-01 02:01:17.347725,2022-08-04 02:01:17.347725,苗栗縣竹南鎮永貞路二段97巷28號,Shipped
LTP-31133-134,66527-94478-PB,D005,2025-05-21 02:01:17.347725,2025-05-22 02:01:17.347725,台中市沙鹿區沙田路193號,Shipped
ZVQ-26122-859,77154-45038-IH,D001,2023-03-23 02:01:17.347725,2023-03-25 02:01:17.347725,台北市文山區光輝路75巷5號7樓,Shipped
MIU-01481-194,08439-55669-AI,D001,2022-11-13 02:01:17.347725,2022-11-16 02:01:17.347725,台中市豐原區豐陽路70巷1號6樓,Shipped
UEA-72681-629,24972-55878-KX,D003,2024-07-05 02:01:17.347725,2024-07-06 02:01:17.347725,桃園市龜山區文化一路7巷15號,Shipped
CVE-15042-481,24972-55878-KX,D002,2025-04-26 02:01:17.347725,2025-04-27 02:01:17.347725,桃園市龜山區文化一路7巷15號,Shipped
EJA-79176-833,91509-62250-GN,D001,2023-07-16 02:01:17.347725,2023-07-17 02:01:17.347725,高雄市楠梓區海專路155巷19號,Shipped
AHQ-40440-522,83833-46106-ZC,D004,2024-01-12 02:01:17.347725,2024-01-15 02:01:17.347725,高雄市三民區澄清路53巷1號,Shipped
TID-21626-411,19383-33606-PW,D003,2022-04-28 02:01:17.347725,2022-05-01 02:01:17.347725,台南市仁德區德南路73巷26號,Shipped
RSR-96390-187,67052-76184-CB,D004,2025-01-22 02:01:17.347725,2025-01-23 02:01:17.347725,台北市大同區南京西路143巷13號,Shipped
BZE-96093-118,43452-18035-DH,D004,2025-02-11 02:01:17.347725,2025-02-13 02:01:17.347725,新北市林口區粉寮路一段180巷5號,Shipped
LOU-41819-242,88060-50676-MV,D003,2025-11-06 02:01:17.347725,2025-11-09 02:01:17.347725,台中市東區東門路48號,Shipped
FND-99527-640,89574-96203-EP,D003,2024-11-11 02:01:17.347725,2024-11-14 02:01:17.347725,屏東縣枋寮鄉隆山路79巷7號,Shipped
ASG-27179-958,12607-75113-UV,D002,2025-04-04 02:01:17.347725,2025-04-05 02:01:17.347725,新北市金山區中山路69巷7號3樓,Shipped
YKX-23510-272,56991-05510-PR,D002,2022-07-10 02:01:17.347725,2022-07-13 02:01:17.347725,宜蘭縣宜蘭市民族路149號,Shipped
FSA-98650-921,01841-48191-NL,D001,2023-06-23 02:01:17.347725,2023-06-26 02:01:17.347725,新北市中和區中和路4巷24號2樓,Shipped
ZUR-55774-294,33269-10023-CO,D004,2023-09-27 02:01:17.347725,2023-09-29 02:01:17.347725,台北市北投區振華街89巷22號,Shipped
FUO-99821-974,31245-81098-PJ,D004,2023-06-17 02:01:17.347725,2023-06-20 02:01:17.347725,桃園市楊梅區自立街41巷15號,Shipped
YVH-19865-819,08946-56610-IH,D003,2023-03-04 02:01:17.347725,2023-03-05 02:01:17.347725,台北市中正區汀州路二段267號,Shipped
NNF-47422-501,20260-32948-EB,D003,2023-07-01 02:01:17.347725,2023-07-04 02:01:17.347725,新北市新店區寶橋路238號,Shipped
RJI-71409-490,31613-41626-KX,D005,2024-08-19 02:01:17.347725,2024-08-21 02:01:17.347725,台中市南屯區東興路二段38巷22號1樓,Shipped
UZL-46108-213,75961-20170-RD,D003,2025-03-06 02:01:17.347725,2025-03-09 02:01:17.347725,高雄市鼓山區西藏街136巷12號5樓,Shipped
AOX-44467-109,72524-06410-KD,D001,2024-10-08 02:01:17.347725,2024-10-09 02:01:17.347725,新竹市東區武昌街220號,Shipped
TZD-67261-174,01841-48191-NL,D001,2023-06-22 02:01:17.347725,2023-06-24 02:01:17.347725,新北市中和區中和路4巷24號2樓,Shipped
TBU-64277-625,98918-34330-GY,D003,2024-08-12 02:01:17.347725,2024-08-15 02:01:17.347725,彰化縣和美鎮線東路三段73巷21號,Shipped
TYP-85767-944,51497-50894-WU,D001,2025-11-21 02:01:17.347725,2025-11-24 02:01:17.347725,台北市北投區光明路138巷4號,Shipped
GTT-73214-334,98636-90072-YE,D004,2022-05-15 02:01:17.347725,2022-05-16 02:01:17.347725,高雄市鼓山區美明路171巷12號3樓,Shipped
WAI-89905-069,47011-57815-HJ,D002,2025-06-16 02:01:17.347725,2025-06-17 02:01:17.347725,桃園市平鎮區振興西路34號,Shipped
OJL-96844-459,61253-98356-VD,D003,2023-08-27 02:01:17.347725,2023-08-30 02:01:17.347725,高雄市左營區富民路35巷1號,Shipped
VGI-33205-360,96762-10814-DA,D003,2022-07-14 02:01:17.347725,2022-07-16 02:01:17.347725,台北市中正區衡陽路29巷2號,Shipped
PCA-14081-576,63112-10870-LC,D005,2022-10-06 02:01:17.347725,2022-10-08 02:01:17.347725,新北市汐止區福德二路291號,Shipped
SCS-67069-962,21403-49423-PD,D002,2023-09-29 02:01:17.347725,2023-10-01 02:01:17.347725,桃園市中壢區吉林二路207號,Shipped
BDM-03174-485,29581-13303-VB,D003,2022-07-09 02:01:17.347725,2022-07-12 02:01:17.347725,台中市南區興大路71號,Shipped
UJV-32333-364,86110-83695-YS,D003,2025-03-28 02:01:17.347725,2025-03-29 02:01:17.347725,台中市龍井區遊園南路71號,Shipped
FLI-11493-954,80454-42225-FT,D005,2025-11-01 02:01:17.347725,2025-11-03 02:01:17.347725,新竹縣竹東鎮北興路一段140巷1號5樓,Shipped
IWL-13117-537,29129-60664-KO,D005,2023-08-23 02:01:17.347725,2023-08-24 02:01:17.347725,新北市三重區忠孝路三段156巷19號,Shipped
OAM-76916-748,63025-62939-AN,D003,2025-05-22 02:01:17.347725,2025-05-24 02:01:17.347725,新竹市東區立鵬路218號,Shipped
UMB-11223-710,49012-12987-QT,D003,2024-06-08 02:01:17.347725,2024-06-09 02:01:17.347725,高雄市三民區澄和路112號,Shipped
LXR-09892-726,50924-94200-SQ,D002,2023-11-06 02:01:17.347725,2023-11-09 02:01:17.347725,新北市三重區仁安街160巷6號,Shipped
QXX-89943-393,15673-18812-IU,D002,2023-07-06 02:01:17.347725,2023-07-07 02:01:17.347725,台南市永康區永大路二段35巷21號1樓,Shipped
WVS-57822-366,52151-75971-YY,D001,2023-08-28 02:01:17.347725,2023-08-31 02:01:17.347725,台北市大安區復興南路二段235號,Shipped
CLJ-23403-689,19413-02045-CG,D002,2024-07-27 02:01:17.347725,2024-07-28 02:01:17.347725,台北市大安區新生南路一段21巷6號7樓,Shipped
XNU-83276-288,98185-92775-KT,D002,2025-09-24 02:01:17.347725,2025-09-27 02:01:17.347725,新北市三重區重新路五段156號,Shipped
YOG-94666-679,86991-53901-AT,D005,2024-06-09 02:01:17.347725,2024-06-11 02:01:17.347725,南投縣埔里鎮西安路三段46巷29號3樓,Shipped
KHG-33953-115,78226-97287-JI,D005,2025-04-07 02:01:17.347725,2025-04-10 02:01:17.347725,新竹縣竹東鎮東寧路三段72巷23號7樓,Shipped
MHD-95615-696,27930-59250-JT,D002,2023-06-02 02:01:17.347725,2023-06-03 02:01:17.347725,新北市樹林區中山路三段8號,Shipped
HBH-64794-080,40560-18556-YE,D005,2024-06-03 02:01:17.347725,2024-06-04 02:01:17.347725,台北市信義區忠孝東路五段53號,Shipped
CNJ-56058-223,40780-22081-LX,D001,2023-12-05 02:01:17.347725,2023-12-08 02:01:17.347725,新竹市東區高峰路286號,Shipped
KHO-27106-786,01603-43789-TN,D001,2024-02-03 02:01:17.347725,2024-02-04 02:01:17.347725,高雄市岡山區下竹圍東街205號,Shipped
YAC-50329-982,75419-92838-TI,D005,2024-04-02 02:01:17.347725,2024-04-05 02:01:17.347725,高雄市岡山區下竹圍東街150巷16號,Shipped
VVL-95291-039,96516-97464-MF,D003,2022-08-11 02:01:17.347725,2022-08-14 02:01:17.347725,新北市樹林區潭興街119號,Shipped
VUT-20974-364,90285-56295-PO,D005,2024-04-29 02:01:17.347725,2024-05-02 02:01:17.347725,新北市永和區環河西路一段110號,Shipped
SFC-34054-213,08100-71102-HQ,D002,2022-07-03 02:01:17.347725,2022-07-04 02:01:17.347725,花蓮縣新城鄉嘉新路56巷14號,Shipped
UDS-04807-593,84074-28110-OV,D003,2023-03-24 02:01:17.347725,2023-03-27 02:01:17.347725,彰化縣伸港鄉新港路94巷12號1樓,Shipped
FWE-98471-488,27930-59250-JT,D005,2025-11-11 02:01:17.347725,2025-11-14 02:01:17.347725,新北市樹林區中山路三段8號,Shipped
RAU-17060-674,12747-63766-EU,D005,2023-10-20 02:01:17.347725,2023-10-23 02:01:17.347725,高雄市三民區大昌一路140號,Shipped
AOL-13866-711,83490-88357-LJ,D002,2022-06-09 02:01:17.347725,2022-06-11 02:01:17.347725,新北市中和區中安街142巷27號,Shipped
NOA-79645-377,53729-30320-XZ,D004,2024-03-04 02:01:17.347725,2024-03-05 02:01:17.347725,新竹縣寶山鄉創新一路81巷20號,Shipped
KMS-49214-806,50384-52703-LA,D005,2022-08-23 02:01:17.347725,2022-08-24 02:01:17.347725,台中市潭子區復興路一段128號,Shipped
ABK-08091-531,53864-36201-FG,D002,2024-02-23 02:01:17.347725,2024-02-24 02:01:17.347725,台北市大同區南京西路143巷13號,Shipped
GPT-67705-953,70631-33225-MZ,D001,2023-03-07 02:01:17.347725,2023-03-10 02:01:17.347725,新北市三重區重新路五段156號,Shipped
JNA-21450-177,54798-14109-HC,D003,2025-06-06 02:01:17.347725,2025-06-09 02:01:17.347725,雲林縣東勢鄉康安路7巷16號,Shipped
MPQ-23421-608,08023-52962-ET,D002,2024-07-21 02:01:17.347725,2024-07-24 02:01:17.347725,基隆市仁愛區成功一路240號,Shipped
NLI-63891-565,41899-00283-VK,D004,2025-04-04 02:01:17.347725,2025-04-05 02:01:17.347725,新北市汐止區99巷7號,Shipped
HHF-36647-854,39011-18412-GR,D004,2025-02-28 02:01:17.347725,2025-03-01 02:01:17.347725,高雄市鼓山區濱海一路100號,Shipped
SBN-16537-046,60255-12579-PZ,D002,2023-06-24 02:01:17.347725,2023-06-27 02:01:17.347725,新北市板橋區英士路148巷4號3樓,Shipped
XZD-44484-632,80541-38332-BP,D004,2024-11-29 02:01:17.347725,2024-11-30 02:01:17.347725,新北市泰山區新民路173號,Shipped
IKQ-39946-768,72778-50968-UQ,D005,2024-07-12 02:01:17.347725,2024-07-14 02:01:17.347725,新北市中和區中安街142巷27號,Shipped
KMB-95211-174,23941-30203-MO,D003,2024-08-09 02:01:17.347725,2024-08-12 02:01:17.347725,新竹縣竹北市台元一街77巷2號,Shipped
QWY-99467-368,96434-50068-DZ,D003,2024-03-01 02:01:17.347725,2024-03-03 02:01:17.347725,新北市三重區文化南路64巷15號,Shipped
SRG-76791-614,11729-74102-XB,D001,2024-07-08 02:01:17.347725,2024-07-11 02:01:17.347725,台北市文山區羅斯福路六段198巷7號3樓,Shipped
VSN-94485-621,88116-12604-TE,D003,2025-02-09 02:01:17.347725,2025-02-12 02:01:17.347725,台北市大安區和平東路二段83號,Shipped
UFZ-24348-219,27930-59250-JT,D003,2022-12-31 02:01:17.347725,2023-01-02 02:01:17.347725,新北市樹林區中山路三段8號,Shipped
UKS-93055-397,13082-41034-PD,D005,2025-11-05 02:01:17.347725,2025-11-06 02:01:17.347725,嘉義市東區大雅路二段55號,Shipped
AVH-56062-335,18082-74419-QH,D001,2025-03-16 02:01:17.347725,2025-03-19 02:01:17.347725,新竹縣新豐鄉建興路二段142巷27號6樓,Shipped
HGE-19842-613,49401-45041-ZU,D002,2025-05-08 02:01:17.347725,2025-05-10 02:01:17.347725,台北市萬華區富民路65巷2號,Shipped
WBA-85905-175,41252-45992-VS,D003,2025-11-05 02:01:17.347725,2025-11-07 02:01:17.347725,台北市萬華區貴陽街二段271號,Shipped
DZI-35365-596,54798-14109-HC,D004,2025-02-25 02:01:17.347725,2025-02-28 02:01:17.347725,雲林縣東勢鄉康安路7巷16號,Shipped
XIR-88982-743,00852-54571-WP,D003,2024-11-02 02:01:17.347725,2024-11-03 02:01:17.347725,台東縣卑南鄉賓朗路77號,Shipped
VUC-72395-865,13321-57602-GK,D005,2025-01-30 02:01:17.347725,2025-02-02 02:01:17.347725,新竹縣芎林鄉富林路三段34巷24號7樓,Shipped
BQJ-44755-910,75006-89922-VW,D001,2023-06-23 02:01:17.347725,2023-06-24 02:01:17.347725,屏東縣內埔鄉壽比路29巷29號,Shipped
JKC-64636-831,52098-80103-FD,D005,2025-10-28 02:01:17.347725,2025-10-30 02:01:17.347725,台北市大同區歸綏街6巷23號2樓,Shipped
ZKI-78561-066,60121-12432-VU,D001,2025-01-14 02:01:17.347725,2025-01-17 02:01:17.347725,宜蘭縣礁溪鄉礁溪路四段90巷7號5樓,Shipped
IMP-12563-728,68346-14810-UA,D003,2022-04-28 02:01:17.347725,2022-05-01 02:01:17.347725,台北市大同區民權西路100號,Shipped
MZL-81126-390,48464-99723-HK,D002,2025-07-01 02:01:17.347725,2025-07-03 02:01:17.347725,台北市中山區建國北路二段96號,Shipped
TVF-57766-608,88420-46464-XE,D003,2023-07-04 02:01:17.347725,2023-07-06 02:01:17.347725,台中市西屯區黎明路二段146巷17號,Shipped
RUX-37995-892,37762-09530-MP,D002,2025-03-22 02:01:17.347725,2025-03-25 02:01:17.347725,台北市士林區忠誠路二段146號,Shipped
AVK-76526-953,47268-50127-XY,D003,2024-06-27 02:01:17.347725,2024-06-30 02:01:17.347725,台北市信義區忠孝東路五段287號,Shipped
RIU-02231-623,25544-84179-QC,D002,2025-03-11 02:01:17.347725,2025-03-12 02:01:17.347725,南投縣南投市彰南路二段73號,Shipped
WFK-99317-827,32058-76765-ZL,D002,2022-10-09 02:01:17.347725,2022-10-10 02:01:17.347725,台中市太平區樹孝路133巷29號3樓,Shipped
SFD-00372-284,54798-14109-HC,D005,2023-11-12 02:01:17.347725,2023-11-15 02:01:17.347725,雲林縣東勢鄉康安路7巷16號,Shipped
SXC-62166-515,69171-65646-UC,D004,2023-06-23 02:01:17.347725,2023-06-25 02:01:17.347725,桃園市桃園區大豐路23巷17號,Shipped
YIE-87008-621,22503-52799-MI,D002,2022-10-15 02:01:17.347725,2022-10-16 02:01:17.347725,新北市新店區安忠路62巷19號,Shipped
HRM-94548-288,08934-65581-ZI,D005,2023-01-01 02:01:17.347725,2023-01-03 02:01:17.347725,台中市清水區中清路九段157巷16號,Shipped
UJG-34731-295,15764-22559-ZT,D003,2025-09-18 02:01:17.347725,2025-09-21 02:01:17.347725,新北市板橋區幸褔路134巷14號,Shipped
TWD-70988-853,87519-68847-ZG,D004,2023-03-28 02:01:17.347725,2023-03-30 02:01:17.347725,台中市后里區福容路147巷7號,Shipped
CIX-22904-641,78012-56878-UB,D001,2023-01-10 02:01:17.347725,2023-01-12 02:01:17.347725,新北市新店區二十張路53巷14號,Shipped
DLV-65840-759,77192-72145-RG,D003,2025-09-23 02:01:17.347725,2025-09-25 02:01:17.347725,高雄市前鎮區金福路6巷23號3樓,Shipped
RXN-55491-201,86071-79238-CX,D005,2023-02-13 02:01:17.347725,2023-02-14 02:01:17.347725,桃園市蘆竹區南崁路二段27巷3號,Shipped
UHK-63283-868,16809-16936-WF,D003,2025-08-17 02:01:17.347725,2025-08-18 02:01:17.347725,新北市林口區南勢街258號,Shipped
PJC-31401-893,11212-69985-ZJ,D002,2024-05-08 02:01:17.347725,2024-05-09 02:01:17.347725,新北市樹林區八德街177號,Shipped
HHO-79903-185,53893-01719-CL,D004,2025-12-12 02:01:17.347725,2025-12-13 02:01:17.347725,南投縣草屯鎮太平路一段19巷11號6樓,Shipped
YWM-07310-594,66028-99867-WJ,D001,2022-06-25 02:01:17.347725,2022-06-27 02:01:17.347725,台北市大同區長安西路177巷20號7樓,Shipped
FHD-94983-982,62839-56723-CH,D001,2023-05-16 02:01:17.347725,2023-05-18 02:01:17.347725,台北市信義區松山路103巷7號,Shipped
WQK-10857-119,96849-52854-CR,D001,2025-01-14 02:01:17.347725,2025-01-15 02:01:17.347725,新北市淡水區中山北路二段212號,Shipped
DXA-50313-073,19755-55847-VW,D005,2022-12-23 02:01:17.347725,2022-12-26 02:01:17.347725,台北市文山區木柵路二段149號,Shipped
ONW-00560-570,32900-82606-BO,D001,2022-06-20 02:01:17.347725,2022-06-23 02:01:17.347725,桃園市楊梅區自立街147號,Shipped
BRJ-19414-277,16809-16936-WF,D003,2023-01-10 02:01:17.347725,2023-01-11 02:01:17.347725,新北市林口區南勢街258號,Shipped
MIQ-16322-908,20118-28138-QD,D005,2022-11-26 02:01:17.347725,2022-11-28 02:01:17.347725,新北市土城區明德路一段207號,Shipped
MVO-39328-830,84057-45461-AH,D001,2024-06-21 02:01:17.347725,2024-06-22 02:01:17.347725,新竹市香山區內湖路152巷17號,Shipped
NTJ-88319-746,90882-88130-KQ,D002,2024-11-26 02:01:17.347725,2024-11-27 02:01:17.347725,台中市南屯區大墩十七街152號,Shipped
LCY-24377-948,21617-79890-DD,D002,2024-08-30 02:01:17.347725,2024-09-01 02:01:17.347725,新竹市東區立鵬路218號,Shipped
FWD-85967-769,20256-54689-LO,D002,2022-10-07 02:01:17.347725,2022-10-10 02:01:17.347725,台北市內湖區江南街160巷6號,Shipped
KTO-53793-109,17572-27091-AA,D004,2023-03-16 02:01:17.347725,2023-03-18 02:01:17.347725,宜蘭縣員山鄉內城路265號,Shipped
OCK-89033-348,82300-88786-UE,D001,2024-07-24 02:01:17.347725,2024-07-26 02:01:17.347725,台中市豐原區南陽路233號,Shipped
GPZ-36017-366,65732-22589-OW,D004,2022-10-24 02:01:17.347725,2022-10-26 02:01:17.347725,新北市淡水區鄧公路176巷9號,Shipped
BZP-33213-637,77175-09826-SF,D002,2023-08-29 02:01:17.347725,2023-08-31 02:01:17.347725,高雄市鼓山區美明路171巷12號3樓,Shipped
WFH-21507-708,07237-32539-NB,D002,2023-08-14 02:01:17.347725,2023-08-15 02:01:17.347725,高雄市新興區六合一路11號,Shipped
HST-96923-073,54722-76431-EX,D005,2022-11-10 02:01:17.347725,2022-11-12 02:01:17.347725,台北市南港區福德街101巷3號,Shipped
ENN-79947-323,67847-82662-TE,D001,2025-03-13 02:01:17.347725,2025-03-14 02:01:17.347725,台北市文山區興隆路一段9號,Shipped
BHA-47429-889,51114-51191-EW,D004,2023-10-14 02:01:17.347725,2023-10-16 02:01:17.347725,高雄市苓雅區英祥街175號,Shipped
SZY-63017-318,91809-58808-TV,D005,2024-07-30 02:01:17.347725,2024-07-31 02:01:17.347725,台北市內湖區內湖路三段103號,Shipped
LCU-93317-340,84996-26826-DK,D005,2022-10-10 02:01:17.347725,2022-10-12 02:01:17.347725,新北市新店區文化路119號,Shipped
UOM-71431-481,65732-22589-OW,D001,2025-07-19 02:01:17.347725,2025-07-22 02:01:17.347725,新北市淡水區鄧公路176巷9號,Shipped
PJH-42618-877,93676-95250-XJ,D004,2025-01-23 02:01:17.347725,2025-01-26 02:01:17.347725,南投縣埔里鎮西安路三段46巷29號3樓,Shipped
XED-90333-402,28300-14355-GF,D003,2022-10-12 02:01:17.347725,2022-10-15 02:01:17.347725,台南市南區金華路二段240號,Shipped
IKK-62234-199,91190-84826-IQ,D004,2025-07-24 02:01:17.347725,2025-07-26 02:01:17.347725,桃園市中壢區中大路148巷10號,Shipped
KAW-95195-329,34570-99384-AF,D001,2023-10-28 02:01:17.347725,2023-10-31 02:01:17.347725,新北市三峽區大勇路238號,Shipped
QDO-57268-842,57808-90533-UE,D001,2025-03-16 02:01:17.347725,2025-03-18 02:01:17.347725,苗栗縣竹南鎮科專五路97號,Shipped
IIZ-24416-212,76060-30540-LB,D005,2024-09-23 02:01:17.347725,2024-09-25 02:01:17.347725,高雄市鹽埕區五福四路75號,Shipped
AWP-11469-510,76730-63769-ND,D002,2023-08-05 02:01:17.347725,2023-08-08 02:01:17.347725,新北市淡水區鄧公路3巷11號,Shipped
KXA-27983-918,96042-27290-EQ,D005,2024-01-09 02:01:17.347725,2024-01-10 02:01:17.347725,台中市南區東興路一段129號,Shipped
VKQ-39009-292,57808-90533-UE,D004,2025-03-18 02:01:17.347725,2025-03-21 02:01:17.347725,苗栗縣竹南鎮科專五路97號,Shipped
PDB-98743-282,51940-02669-OR,D002,2025-05-18 02:01:17.347725,2025-05-20 02:01:17.347725,桃園市楊梅區青山一街227號,Shipped
SXW-34014-556,99144-98314-GN,D001,2024-05-22 02:01:17.347725,2024-05-25 02:01:17.347725,台北市大安區忠孝東路四段53巷29號,Shipped
QOJ-38788-727,16358-63919-CE,D001,2022-10-17 02:01:17.347725,2022-10-18 02:01:17.347725,高雄市新興區林森一路131巷1號,Shipped
TGF-38649-658,67743-54817-UT,D004,2023-07-09 02:01:17.347725,2023-07-11 02:01:17.347725,台中市后里區福容路147巷7號,Shipped
EAI-25194-209,44601-51441-BH,D003,2025-01-17 02:01:17.347725,2025-01-20 02:01:17.347725,高雄市新興區民族二路124號,Shipped
IJK-34441-720,97201-58870-WB,D002,2022-07-29 02:01:17.347725,2022-07-30 02:01:17.347725,台南市善化區環東路二段161巷3號,Shipped
ZMC-00336-619,19849-12926-QF,D001,2025-05-22 02:01:17.347725,2025-05-23 02:01:17.347725,新北市中和區中板路114號,Shipped
UPX-54529-618,40535-56770-UM,D003,2025-01-03 02:01:17.347725,2025-01-05 02:01:17.347725,台北市中正區杭州南路一段83巷1號,Shipped
DLX-01059-899,74940-09646-MU,D005,2023-05-01 02:01:17.347725,2023-05-02 02:01:17.347725,新北市烏來區環山路112巷6號,Shipped
MEK-85120-243,06623-54610-HC,D004,2025-07-08 02:01:17.347725,2025-07-09 02:01:17.347725,桃園市大園區中正東路三段63巷5號,Shipped
NFI-37188-246,89490-75361-AF,D005,2025-01-01 02:01:17.347725,2025-01-03 02:01:17.347725,高雄市鳳山區文龍東路58號,Shipped
BXH-62195-013,94526-79230-GZ,D004,2025-03-06 02:01:17.347725,2025-03-07 02:01:17.347725,新北市土城區延安街65號,Shipped
YLK-78851-470,58559-08254-UY,D003,2023-01-11 02:01:17.347725,2023-01-13 02:01:17.347725,新北市瑞芳區明燈路３段19巷2號,Shipped
DXY-76225-633,88574-37083-WX,D001,2024-11-21 02:01:17.347725,2024-11-23 02:01:17.347725,桃園市平鎮區南豐路141號,Shipped
UHP-24614-199,67953-79896-AC,D005,2025-07-13 02:01:17.347725,2025-07-14 02:01:17.347725,新竹縣新豐鄉建興路二段142巷27號6樓,Shipped
HBY-35655-049,69207-93422-CQ,D004,2023-08-28 02:01:17.347725,2023-08-31 02:01:17.347725,高雄市鼓山區美術東五路124號,Shipped
DCE-22886-861,56060-17602-RG,D002,2024-07-29 02:01:17.347725,2024-07-31 02:01:17.347725,新北市三峽區大德路255號,Shipped
QTG-93823-843,46859-14212-FI,D004,2025-05-07 02:01:17.347725,2025-05-08 02:01:17.347725,宜蘭縣宜蘭市民族路183巷22號5樓,Shipped
WFT-16178-396,33555-01585-RP,D001,2024-04-10 02:01:17.347725,2024-04-13 02:01:17.347725,台北市中正區汀州路二段267號,Shipped
ERC-54560-934,11932-85629-CU,D005,2025-09-22 02:01:17.347725,2025-09-23 02:01:17.347725,台北市中正區信義路一段13號,Shipped
RUK-78200-416,36192-07175-XC,D001,2025-03-04 02:01:17.347725,2025-03-07 02:01:17.347725,基隆市七堵區明德一路77號,Shipped
KHK-13105-388,46242-54946-ZW,D003,2025-08-01 02:01:17.347725,2025-08-03 02:01:17.347725,新竹縣芎林鄉文山路57巷14號2樓,Shipped
NJR-03699-189,95152-82155-VQ,D002,2023-01-31 02:01:17.347725,2023-02-01 02:01:17.347725,新竹市東區武昌街220號,Shipped
PJV-20427-019,13404-39127-WQ,D005,2025-01-05 02:01:17.347725,2025-01-07 02:01:17.347725,桃園市中壢區中山東路二段134巷24號,Shipped
UGK-07613-982,57808-90533-UE,D003,2025-11-20 02:01:17.347725,2025-11-21 02:01:17.347725,苗栗縣竹南鎮科專五路97號,Shipped
OLA-68289-577,40226-52317-IO,D004,2023-10-24 02:01:17.347725,2023-10-27 02:01:17.347725,台中市東勢區石城街2巷17號5樓,Shipped
TNR-84447-052,34419-18068-AG,D002,2022-05-04 02:01:17.347725,2022-05-07 02:01:17.347725,桃園市龍潭區梅龍路59巷19號,Shipped
FBZ-64200-586,51738-61457-RS,D001,2025-11-04 02:01:17.347725,2025-11-07 02:01:17.347725,新北市板橋區新生街135號,Shipped
OBN-66334-505,86757-52367-ON,D004,2024-03-25 02:01:17.347725,2024-03-27 02:01:17.347725,高雄市左營區海功路149巷12號,Shipped
NXM-89323-646,28158-93383-CK,D003,2022-07-15 02:01:17.347725,2022-07-17 02:01:17.347725,台北市中正區杭州南路一段83巷1號,Shipped
NHI-23264-055,44799-09711-XW,D001,2025-06-10 02:01:17.347725,2025-06-11 02:01:17.347725,台中市潭子區北環路152號,Shipped
EQH-53569-934,53667-91553-LT,D001,2024-02-06 02:01:17.347725,2024-02-07 02:01:17.347725,桃園市新屋區中華南路二段57巷23號2樓,Shipped
XKK-06692-189,86579-92122-OC,D003,2025-04-21 02:01:17.347725,2025-04-23 02:01:17.347725,台北市文山區興隆路一段127巷20號,Shipped
BYP-16005-016,01474-63436-TP,D002,2024-11-24 02:01:17.347725,2024-11-27 02:01:17.347725,高雄市新興區林森一路131巷1號,Shipped
LWS-13938-905,90533-82440-EE,D004,2024-03-13 02:01:17.347725,2024-03-14 02:01:17.347725,新北市土城區延安街65號,Shipped
OLH-95722-362,48553-69225-VX,D002,2025-02-16 02:01:17.347725,2025-02-18 02:01:17.347725,宜蘭縣蘇澳鎮馬賽路146號,Shipped
KCW-50949-318,52374-27313-IV,D003,2023-04-24 02:01:17.347725,2023-04-25 02:01:17.347725,新北市三重區重陽路三段166巷4號3樓,Shipped
JGZ-16947-591,14264-41252-SL,D005,2024-05-28 02:01:17.347725,2024-05-29 02:01:17.347725,台北市北投區光明路30巷18號3樓,Shipped
LXS-63326-144,35367-50483-AR,D002,2024-09-08 02:01:17.347725,2024-09-09 02:01:17.347725,新北市板橋區民生路二段51號,Shipped
CZG-86544-655,69443-77665-QW,D003,2025-08-16 02:01:17.347725,2025-08-18 02:01:17.347725,桃園市中壢區復華九街76號,Shipped
WFV-88138-247,63411-51758-QC,D002,2025-01-18 02:01:17.347725,2025-01-21 02:01:17.347725,台北市大安區新生南路一段68號,Shipped
RFG-28227-288,68605-21835-UF,D002,2025-09-30 02:01:17.347725,2025-10-01 02:01:17.347725,新北市永和區保平路29號,Shipped
QAK-77286-758,34786-30419-XY,D002,2023-12-05 02:01:17.347725,2023-12-08 02:01:17.347725,台北市文山區光輝路75巷5號7樓,Shipped
CZD-56716-840,15456-29250-RU,D001,2022-06-23 02:01:17.347725,2022-06-25 02:01:17.347725,新竹縣北埔鄉南興街19號,Shipped
UBI-59229-277,00886-35803-FG,D001,2023-01-04 02:01:17.347725,2023-01-05 02:01:17.347725,台北市大安區忠孝東路四段95號,Shipped
WJJ-37489-898,31599-82152-AD,D003,2024-08-01 02:01:17.347725,2024-08-03 02:01:17.347725,台中市北區五義街125號,Shipped
ORX-57454-917,76209-39601-ZR,D001,2024-12-30 02:01:17.347725,2025-01-02 02:01:17.347725,彰化縣和美鎮和厝路一段262號,Shipped
GRB-68838-629,15064-65241-HB,D003,2025-01-03 02:01:17.347725,2025-01-05 02:01:17.347725,台中市北區榮華街182巷12號4樓,Shipped
SHT-04865-419,69215-90789-DL,D004,2025-09-14 02:01:17.347725,2025-09-16 02:01:17.347725,新北市鶯歌區尖山路63巷22號,Shipped
UQI-28177-865,04317-46176-TB,D001,2024-01-12 02:01:17.347725,2024-01-15 02:01:17.347725,新竹縣竹東鎮東寧路三段72巷23號7樓,Shipped
OIB-13664-879,04713-57765-KR,D002,2024-12-24 02:01:17.347725,2024-12-25 02:01:17.347725,台北市大安區金華街155巷10號,Shipped
PJS-30996-485,86579-92122-OC,D004,2025-05-16 02:01:17.347725,2025-05-18 02:01:17.347725,台北市文山區興隆路一段127巷20號,Shipped
HEL-86709-449,86579-92122-OC,D003,2025-10-03 02:01:17.347725,2025-10-04 02:01:17.347725,台北市文山區興隆路一段127巷20號,Shipped
NCH-55389-562,86579-92122-OC,D004,2022-08-20 02:01:17.347725,2022-08-23 02:01:17.347725,台北市文山區興隆路一段127巷20號,Shipped
GUG-45603-775,40959-32642-DN,D005,2025-06-01 02:01:17.347725,2025-06-02 02:01:17.347725,台北市北投區光明路30巷18號3樓,Shipped
KJB-98240-098,77746-08153-PM,D004,2025-05-25 02:01:17.347725,2025-05-26 02:01:17.347725,桃園市大園區航站南路162巷11號,Shipped
JMS-48374-462,49667-96708-JL,D003,2024-03-18 02:01:17.347725,2024-03-20 02:01:17.347725,台中市南區工學路18巷8號4樓,Shipped
YIT-15877-117,24155-79322-EQ,D004,2025-08-06 02:01:17.347725,2025-08-08 02:01:17.347725,桃園市蘆竹區仁愛路三段153巷6號2樓,Shipped
YVK-82679-655,95342-88311-SF,D001,2024-05-02 02:01:17.347725,2024-05-05 02:01:17.347725,台中市南區東興路一段217號,Shipped
TYH-81940-054,69374-08133-RI,D003,2023-05-30 02:01:17.347725,2023-06-01 02:01:17.347725,台中市和平區東關路一段73號,Shipped
HTY-30660-254,83844-95908-RX,D002,2023-01-09 02:01:17.347725,2023-01-10 02:01:17.347725,新北市板橋區裕民街48號,Shipped
GPW-43956-761,09667-09231-YM,D002,2022-05-21 02:01:17.347725,2022-05-22 02:01:17.347725,新北市中和區華新街132巷13號,Shipped
DWY-56352-412,55427-08059-DF,D002,2024-06-14 02:01:17.347725,2024-06-17 02:01:17.347725,新北市新店區寶橋路238號,Shipped
PUH-55647-976,06624-54037-BQ,D003,2025-07-15 02:01:17.347725,2025-07-18 02:01:17.347725,新竹市東區明湖路29號,Shipped
DTB-71371-705,48544-90737-AZ,D001,2022-10-26 02:01:17.347725,2022-10-29 02:01:17.347725,彰化縣福興鄉福工路280號,Shipped
ZDC-64769-740,79463-01597-FQ,D002,2023-01-14 02:01:17.347725,2023-01-16 02:01:17.347725,高雄市小港區沿海一路197巷20號,Shipped
TED-81959-419,27702-50024-XC,D001,2022-12-19 02:01:17.347725,2022-12-22 02:01:17.347725,新北市板橋區龍泉街40號,Shipped
FDO-25756-141,57360-46846-NS,D003,2024-11-26 02:01:17.347725,2024-11-28 02:01:17.347725,新北市汐止區福德一路5巷3號,Shipped
HKN-31467-517,84045-66771-SL,D005,2025-02-16 02:01:17.347725,2025-02-17 02:01:17.347725,高雄市三民區鼎力路273號,Shipped
POF-29666-012,46885-00260-TL,D001,2022-07-25 02:01:17.347725,2022-07-26 02:01:17.347725,台北市中山區合江街231號,Shipped
IRX-59256-644,96446-62142-EN,D003,2025-04-02 02:01:17.347725,2025-04-03 02:01:17.347725,雲林縣斗六市斗工十路190號,Shipped
LTN-89139-350,07756-71018-GU,D005,2022-10-20 02:01:17.347725,2022-10-23 02:01:17.347725,新北市樹林區大成路5號,Shipped
TXF-79780-017,92048-47813-QB,D002,2023-11-07 02:01:17.347725,2023-11-09 02:01:17.347725,高雄市大寮區新厝路197巷22號6樓,Shipped
ALM-80762-974,84045-66771-SL,D003,2023-07-17 02:01:17.347725,2023-07-20 02:01:17.347725,高雄市三民區鼎力路273號,Shipped
NXF-15738-707,28699-16256-XV,D004,2023-05-21 02:01:17.347725,2023-05-23 02:01:17.347725,宜蘭縣礁溪鄉健康路28號,Shipped
MVV-19034-198,98476-63654-CG,D002,2023-09-24 02:01:17.347725,2023-09-25 02:01:17.347725,新北市土城區明德路一段207號,Shipped
KUX-19632-830,55409-07759-YG,D002,2024-11-12 02:01:17.347725,2024-11-15 02:01:17.347725,新北市板橋區四川路一段295號,Shipped
SNZ-44595-152,06136-65250-PG,D001,2025-12-05 02:01:17.347725,2025-12-08 02:01:17.347725,台東縣台東市開封街19號,Shipped
GQA-37241-629,08405-33165-BS,D005,2023-04-26 02:01:17.347725,2023-04-28 02:01:17.347725,桃園市八德區忠勇街166巷8號1樓,Shipped
WVV-79948-067,66070-30559-WI,D005,2024-05-13 02:01:17.347725,2024-05-14 02:01:17.347725,台北市北投區中和街27巷15號,Shipped
LHX-81117-166,01282-28364-RZ,D003,2025-04-25 02:01:17.347725,2025-04-28 02:01:17.347725,桃園市大園區航勤南路42巷7號7樓,Shipped
GCD-75444-320,51277-93873-RP,D005,2023-08-28 02:01:17.347725,2023-08-30 02:01:17.347725,台中市神岡區昌平路五段286號,Shipped
SGA-30059-217,84405-83364-DG,D004,2024-06-15 02:01:17.347725,2024-06-17 02:01:17.347725,高雄市仁武區八德西路270號,Shipped
GNL-98714-885,83731-53280-YC,D002,2023-07-01 02:01:17.347725,2023-07-04 02:01:17.347725,台中市北屯區太順路117巷25號1樓,Shipped
OQA-93249-841,03917-13632-KC,D003,2022-07-29 02:01:17.347725,2022-08-01 02:01:17.347725,新北市中和區保健路227號,Shipped
DUV-12075-132,62494-09113-RP,D001,2025-09-29 02:01:17.347725,2025-09-30 02:01:17.347725,台北市文山區木柵路二段89號,Shipped
KPO-24942-184,70567-65133-CN,D001,2024-07-14 02:01:17.347725,2024-07-17 02:01:17.347725,桃園市蘆竹區大竹路100號,Shipped
SRJ-79353-838,77869-81373-AY,D001,2025-04-13 02:01:17.347725,2025-04-15 02:01:17.347725,新北市金山區中正路27號,Shipped
XBV-40336-071,38536-98293-JZ,D003,2024-06-12 02:01:17.347725,2024-06-14 02:01:17.347725,高雄市岡山區筧橋路131號,Shipped
RLM-96511-467,43014-53743-XK,D004,2023-05-01 02:01:17.347725,2023-05-03 02:01:17.347725,台中市東勢區石城街2巷17號5樓,Shipped
AEZ-13242-456,62494-09113-RP,D005,2025-08-27 02:01:17.347725,2025-08-29 02:01:17.347725,台北市文山區木柵路二段89號,Shipped
UME-75640-698,62494-09113-RP,D002,2023-02-03 02:01:17.347725,2023-02-06 02:01:17.347725,台北市文山區木柵路二段89號,Shipped
GJC-66474-557,64965-78386-MY,D002,2024-11-26 02:01:17.347725,2024-11-27 02:01:17.347725,台中市太平區宜欣路185號,Shipped
IRV-20769-219,77131-58092-GE,D004,2024-02-08 02:01:17.347725,2024-02-10 02:01:17.347725,桃園市大園區航勤南路42巷7號7樓,Shipped
